Realization,utility,infra.,period,UniqueCount
Path 0 {0},3,20,10's - 14's,91
Path 0 {0},3,9,40's - 44's,35
Path 0 {3},3,20,30's - 34's,72
Path 0 {4},3,20,20's - 24's,84
Path 0 {4},3,9,25's - 29's,37
Path 0 {4},3,12,30's - 34's,45
Path 0 {5},3,20,15's - 19's,218
Path 0 {6},3,20,35's - 39's,11
Path 0 {10},3,9,45's - 49's,16
Path 0 {20},3,9,35's - 39's,26
Path 0 {26},3,20,25's - 29's,98
Path 0 {28},3,9,30's - 34's,74
Path 0 {53},3,12,40's - 44's,10
Path 0 {74},3,20,40's - 44's,23
Path 0 {87},3,12,35's - 39's,31
Path 0 {131},3,12,45's - 49's,4
Path 0 {136},3,9,20's - 24's,25
Path 0 {136},3,12,25's - 29's,10
Path 0 {629},3,20,45's - 49's,3
Path 1 {4},3,12,40's - 44's,30
Path 1 {58},3,12,30's - 34's,3
Path 1 {135},3,12,25's - 29's,2
Path 1 {189},3,12,45's - 49's,5
Path 1 {206},3,12,35's - 39's,3
Path 1 {206},3,9,45's - 49's,1
Path 1 {281},3,9,35's - 39's,1
Path 2 {0},3,20,15's - 19's,41
Path 2 {4},3,20,25's - 29's,59
Path 2 {4},3,12,35's - 39's,21
Path 2 {4},3,9,40's - 44's,10
Path 2 {10},3,20,40's - 44's,25
Path 2 {28},3,20,30's - 34's,46
Path 2 {40},3,20,20's - 24's,41
Path 2 {40},3,12,40's - 44's,17
Path 2 {41},3,20,45's - 49's,4
Path 2 {59},3,20,35's - 39's,14
Path 2 {136},3,12,30's - 34's,20
Path 2 {136},3,9,35's - 39's,9
Path 2 {138},3,12,45's - 49's,2
Path 2 {206},3,12,25's - 29's,1
Path 2 {206},3,9,30's - 34's,1
Path 2 {753},3,9,45's - 49's,1
Path 3 {0},3,20,15's - 19's,166
Path 3 {0},3,9,35's - 39's,40
Path 3 {3},3,20,30's - 34's,88
Path 3 {4},3,20,20's - 24's,105
Path 3 {4},3,9,30's - 34's,64
Path 3 {4},3,12,35's - 39's,33
Path 3 {6},3,20,35's - 39's,55
Path 3 {7},3,20,25's - 29's,122
Path 3 {17},3,9,40's - 44's,36
Path 3 {20},3,12,45's - 49's,11
Path 3 {29},3,20,40's - 44's,36
Path 3 {40},3,9,25's - 29's,77
Path 3 {40},3,12,30's - 34's,59
Path 3 {62},3,12,40's - 44's,12
Path 3 {315},3,9,45's - 49's,5
Path 3 {360},3,20,45's - 49's,3
Path 4 {4},3,9,30's - 34's,39
Path 4 {4},3,12,45's - 49's,4
Path 4 {21},3,20,15's - 19's,3
Path 4 {40},3,9,35's - 39's,25
Path 4 {40},3,12,40's - 44's,2
Path 4 {136},3,9,25's - 29's,18
Path 4 {136},3,12,35's - 39's,9
Path 4 {196},3,9,40's - 44's,8
Path 4 {206},3,20,40's - 44's,4
Path 4 {565},3,9,45's - 49's,2
Path 5 {0},3,20,10's - 14's,136
Path 5 {0},3,9,25's - 29's,210
Path 5 {0},3,12,30's - 34's,202
Path 5 {2},3,20,15's - 19's,432
Path 5 {3},3,20,25's - 29's,145
Path 5 {3},3,9,30's - 34's,141
Path 5 {3},3,12,35's - 39's,125
Path 5 {5},3,9,40's - 44's,74
Path 5 {6},3,9,35's - 39's,79
Path 5 {6},3,12,45's - 49's,13
Path 5 {7},3,20,20's - 24's,67
Path 5 {9},3,20,45's - 49's,8
Path 5 {10},3,9,20's - 24's,125
Path 5 {12},3,20,35's - 39's,37
Path 5 {13},3,20,30's - 34's,52
Path 5 {14},3,12,25's - 29's,55
Path 5 {19},3,20,40's - 44's,37
Path 5 {32},3,12,40's - 44's,86
Path 5 {51},3,9,45's - 49's,12
Path 6 {0},3,9,45's - 49's,7
Path 6 {1},3,20,15's - 19's,32
Path 6 {4},3,9,25's - 29's,79
Path 6 {4},3,20,30's - 34's,36
Path 6 {4},3,12,40's - 44's,4
Path 6 {10},3,9,40's - 44's,26
Path 6 {20},3,9,30's - 34's,68
Path 6 {24},3,9,35's - 39's,16
Path 6 {40},3,20,40's - 44's,12
Path 6 {57},3,9,20's - 24's,18
Path 6 {106},3,20,45's - 49's,3
Path 6 {136},3,20,20's - 24's,12
Path 6 {139},3,20,25's - 29's,7
Path 6 {139},3,12,35's - 39's,3
Path 6 {189},3,20,35's - 39's,9
Path 6 {206},3,12,30's - 34's,2
Path 6 {286},3,12,45's - 49's,5
Path 7 {4},3,12,40's - 44's,16
Path 7 {76},3,12,35's - 39's,14
Path 7 {206},3,20,45's - 49's,1
Path 7 {324},3,12,45's - 49's,9
Path 7 {459},3,12,30's - 34's,1
Path 7 {692},3,12,25's - 29's,1
Path 8 {4},3,12,40's - 44's,13
Path 8 {139},3,12,35's - 39's,10
Path 8 {139},3,20,40's - 44's,7
Path 8 {272},3,12,30's - 34's,3
Path 8 {286},3,12,45's - 49's,4
Path 8 {877},3,12,25's - 29's,1
Path 9 {0},3,20,20's - 24's,125
Path 9 {3},3,20,35's - 39's,46
Path 9 {4},3,20,25's - 29's,92
Path 9 {4},3,12,30's - 34's,57
Path 9 {4},3,9,35's - 39's,40
Path 9 {6},3,20,40's - 44's,39
Path 9 {7},3,20,30's - 34's,99
Path 9 {8},3,12,35's - 39's,23
Path 9 {8},3,9,40's - 44's,25
Path 9 {21},3,20,15's - 19's,7
Path 9 {49},3,9,45's - 49's,2
Path 9 {62},3,12,40's - 44's,18
Path 9 {96},3,20,45's - 49's,5
Path 9 {136},3,12,25's - 29's,24
Path 9 {136},3,9,30's - 34's,24
Path 9 {175},3,12,45's - 49's,5
Path 10 {0},3,20,15's - 19's,165
Path 10 {3},3,20,30's - 34's,72
Path 10 {4},3,20,20's - 24's,75
Path 10 {4},3,9,30's - 34's,64
Path 10 {4},3,12,35's - 39's,12
Path 10 {6},3,20,40's - 44's,35
Path 10 {7},3,20,25's - 29's,86
Path 10 {28},3,9,35's - 39's,19
Path 10 {40},3,12,40's - 44's,24
Path 10 {62},3,9,40's - 44's,22
Path 10 {79},3,20,45's - 49's,10
Path 10 {87},3,9,25's - 29's,40
Path 10 {87},3,12,30's - 34's,31
Path 10 {89},3,20,35's - 39's,22
Path 10 {136},3,9,20's - 24's,2
Path 10 {136},3,12,25's - 29's,2
Path 10 {391},3,9,45's - 49's,6
Path 10 {834},3,12,45's - 49's,1
Path 11 {23},3,9,40's - 44's,76
Path 11 {28},3,9,35's - 39's,94
Path 11 {58},3,9,30's - 34's,57
Path 11 {112},3,9,45's - 49's,20
Path 11 {139},3,12,40's - 44's,4
Path 11 {206},3,12,35's - 39's,1
Path 11 {272},3,12,45's - 49's,3
Path 11 {478},3,9,25's - 29's,5
Path 13 {4},3,9,30's - 34's,42
Path 13 {4},3,12,40's - 44's,13
Path 13 {53},3,9,40's - 44's,22
Path 13 {58},3,9,25's - 29's,42
Path 13 {87},3,9,35's - 39's,24
Path 13 {136},3,12,35's - 39's,11
Path 13 {139},3,12,30's - 34's,10
Path 13 {139},3,20,35's - 39's,5
Path 13 {155},3,9,45's - 49's,4
Path 13 {206},3,9,20's - 24's,2
Path 13 {272},3,20,45's - 49's,1
Path 13 {309},3,12,45's - 49's,2
Path 13 {424},3,20,40's - 44's,3
Path 14 {4},3,12,30's - 34's,55
Path 14 {4},3,9,35's - 39's,33
Path 14 {4},3,20,40's - 44's,16
Path 14 {40},3,9,40's - 44's,25
Path 14 {53},3,12,35's - 39's,16
Path 14 {57},3,12,25's - 29's,42
Path 14 {88},3,12,40's - 44's,16
Path 14 {135},3,12,45's - 49's,12
Path 14 {136},3,12,20's - 24's,3
Path 14 {136},3,9,30's - 34's,33
Path 14 {206},3,9,25's - 29's,1
Path 14 {206},3,20,35's - 39's,6
Path 14 {525},3,20,45's - 49's,2
Path 15 {0},3,20,10's - 14's,18
Path 15 {0},3,9,40's - 44's,28
Path 15 {3},3,20,25's - 29's,103
Path 15 {3},3,9,45's - 49's,7
Path 15 {4},3,20,20's - 24's,130
Path 15 {4},3,9,25's - 29's,96
Path 15 {4},3,12,30's - 34's,82
Path 15 {6},3,20,35's - 39's,20
Path 15 {10},3,20,15's - 19's,208
Path 15 {20},3,9,35's - 39's,34
Path 15 {22},3,20,30's - 34's,61
Path 15 {28},3,9,30's - 34's,73
Path 15 {28},3,12,35's - 39's,17
Path 15 {33},3,20,40's - 44's,21
Path 15 {57},3,9,20's - 24's,17
Path 15 {57},3,12,25's - 29's,13
Path 15 {82},3,20,45's - 49's,4
Path 15 {152},3,12,45's - 49's,6
Path 15 {155},3,12,40's - 44's,13
Path 16 {0},3,9,25's - 29's,292
Path 16 {0},3,12,40's - 44's,53
Path 16 {3},3,20,30's - 34's,69
Path 16 {3},3,12,45's - 49's,11
Path 16 {4},3,20,15's - 19's,285
Path 16 {4},3,9,20's - 24's,40
Path 16 {4},3,12,30's - 34's,106
Path 16 {5},3,20,10's - 14's,68
Path 16 {6},3,9,35's - 39's,80
Path 16 {7},3,20,25's - 29's,15
Path 16 {14},3,9,30's - 34's,142
Path 16 {15},3,9,40's - 44's,71
Path 16 {20},3,20,20's - 24's,36
Path 16 {20},3,12,35's - 39's,88
Path 16 {29},3,20,40's - 44's,32
Path 16 {79},3,20,35's - 39's,23
Path 16 {82},3,20,45's - 49's,6
Path 16 {171},3,9,45's - 49's,9
Path 17 {1},3,20,20's - 24's,163
Path 17 {3},3,20,30's - 34's,86
Path 17 {4},3,9,25's - 29's,66
Path 17 {4},3,12,30's - 34's,42
Path 17 {6},3,20,35's - 39's,29
Path 17 {8},3,9,30's - 34's,58
Path 17 {10},3,20,15's - 19's,105
Path 17 {10},3,9,45's - 49's,16
Path 17 {20},3,20,25's - 29's,74
Path 17 {20},3,9,40's - 44's,27
Path 17 {40},3,12,35's - 39's,13
Path 17 {53},3,12,40's - 44's,19
Path 17 {62},3,9,35's - 39's,11
Path 17 {79},3,20,40's - 44's,31
Path 17 {99},3,20,45's - 49's,3
Path 17 {122},3,12,45's - 49's,4
Path 17 {136},3,9,20's - 24's,17
Path 17 {136},3,12,25's - 29's,13
Path 18 {0},3,20,40's - 44's,48
Path 18 {4},3,20,30's - 34's,58
Path 18 {4},3,12,40's - 44's,27
Path 18 {4},3,9,45's - 49's,7
Path 18 {14},3,20,35's - 39's,52
Path 18 {40},3,20,25's - 29's,79
Path 18 {122},3,12,45's - 49's,9
Path 18 {136},3,20,20's - 24's,11
Path 18 {136},3,12,25's - 29's,4
Path 18 {136},3,9,30's - 34's,4
Path 18 {139},3,12,30's - 34's,20
Path 18 {139},3,9,35's - 39's,10
Path 18 {174},3,20,45's - 49's,4
Path 18 {309},3,12,35's - 39's,8
Path 18 {309},3,9,40's - 44's,11
Path 19 {40},3,9,40's - 44's,14
Path 19 {122},3,9,45's - 49's,5
Path 19 {136},3,9,25's - 29's,8
Path 19 {139},3,9,30's - 34's,20
Path 19 {139},3,12,40's - 44's,4
Path 19 {206},3,12,35's - 39's,1
Path 19 {206},3,20,40's - 44's,1
Path 19 {286},3,9,35's - 39's,6
Path 20 {1},3,20,20's - 24's,70
Path 20 {4},3,20,25's - 29's,59
Path 20 {4},3,9,35's - 39's,14
Path 20 {4},3,12,45's - 49's,1
Path 20 {8},3,20,30's - 34's,52
Path 20 {10},3,20,40's - 44's,26
Path 20 {20},3,20,35's - 39's,35
Path 20 {40},3,9,40's - 44's,17
Path 20 {57},3,9,30's - 34's,37
Path 20 {122},3,9,45's - 49's,5
Path 20 {136},3,9,25's - 29's,3
Path 20 {139},3,12,35's - 39's,7
Path 20 {206},3,12,30's - 34's,1
Path 20 {424},3,12,40's - 44's,4
Path 20 {666},3,20,45's - 49's,2
Path 21 {0},3,9,30's - 34's,170
Path 21 {3},3,20,35's - 39's,52
Path 21 {4},3,20,20's - 24's,162
Path 21 {4},3,9,25's - 29's,227
Path 21 {4},3,12,35's - 39's,49
Path 21 {8},3,20,30's - 34's,72
Path 21 {10},3,9,40's - 44's,74
Path 21 {16},3,9,35's - 39's,80
Path 21 {20},3,9,20's - 24's,36
Path 21 {20},3,12,40's - 44's,37
Path 21 {32},3,20,40's - 44's,44
Path 21 {40},3,20,15's - 19's,92
Path 21 {40},3,12,30's - 34's,71
Path 21 {74},3,9,45's - 49's,12
Path 21 {150},3,12,45's - 49's,4
Path 21 {284},3,20,10's - 14's,3
Path 21 {502},3,20,45's - 49's,1
Path 22 {0},3,20,15's - 19's,248
Path 22 {0},3,9,30's - 34's,103
Path 22 {3},3,20,30's - 34's,84
Path 22 {4},3,20,20's - 24's,132
Path 22 {4},3,12,35's - 39's,57
Path 22 {6},3,20,25's - 29's,114
Path 22 {10},3,9,40's - 44's,59
Path 22 {16},3,9,35's - 39's,60
Path 22 {20},3,12,45's - 49's,10
Path 22 {24},3,12,40's - 44's,24
Path 22 {29},3,20,35's - 39's,32
Path 22 {37},3,20,40's - 44's,23
Path 22 {40},3,9,25's - 29's,66
Path 22 {40},3,12,30's - 34's,45
Path 22 {244},3,9,45's - 49's,8
Path 22 {413},3,9,20's - 24's,2
Path 22 {478},3,20,45's - 49's,2
Path 23 {4},3,20,35's - 39's,29
Path 23 {40},3,20,40's - 44's,13
Path 23 {122},3,20,45's - 49's,4
Path 23 {136},3,20,25's - 29's,5
Path 23 {139},3,20,30's - 34's,17
Path 23 {139},3,12,40's - 44's,2
Path 23 {206},3,12,35's - 39's,1
Path 23 {206},3,9,40's - 44's,1
Path 24 {0},3,20,15's - 19's,90
Path 24 {3},3,20,35's - 39's,38
Path 24 {4},3,20,20's - 24's,140
Path 24 {4},3,9,30's - 34's,67
Path 24 {4},3,12,35's - 39's,14
Path 24 {6},3,20,40's - 44's,31
Path 24 {7},3,20,30's - 34's,86
Path 24 {8},3,20,25's - 29's,95
Path 24 {24},3,9,45's - 49's,5
Path 24 {28},3,9,35's - 39's,38
Path 24 {40},3,9,25's - 29's,43
Path 24 {53},3,12,40's - 44's,20
Path 24 {57},3,12,45's - 49's,9
Path 24 {136},3,12,30's - 34's,33
Path 24 {175},3,9,40's - 44's,18
Path 24 {339},3,20,45's - 49's,7
Path 25 {0},3,20,20's - 24's,71
Path 25 {4},3,20,25's - 29's,67
Path 25 {4},3,12,35's - 39's,18
Path 25 {4},3,9,40's - 44's,12
Path 25 {10},3,20,15's - 19's,47
Path 25 {16},3,20,30's - 34's,62
Path 25 {18},3,20,40's - 44's,22
Path 25 {20},3,20,35's - 39's,26
Path 25 {34},3,20,45's - 49's,5
Path 25 {40},3,12,45's - 49's,3
Path 25 {57},3,12,30's - 34's,36
Path 25 {136},3,12,25's - 29's,13
Path 25 {139},3,9,35's - 39's,14
Path 25 {189},3,12,40's - 44's,6
Path 25 {206},3,12,20's - 24's,1
Path 25 {206},3,9,30's - 34's,5
Path 25 {832},3,9,45's - 49's,1
Path 26 {0},3,20,10's - 14's,8
Path 26 {0},3,9,40's - 44's,32
Path 26 {1},3,20,15's - 19's,98
Path 26 {3},3,20,30's - 34's,89
Path 26 {4},3,20,20's - 24's,166
Path 26 {4},3,9,25's - 29's,83
Path 26 {4},3,12,35's - 39's,43
Path 26 {6},3,20,35's - 39's,45
Path 26 {7},3,20,25's - 29's,120
Path 26 {8},3,9,30's - 34's,86
Path 26 {10},3,9,45's - 49's,4
Path 26 {16},3,9,35's - 39's,44
Path 26 {29},3,20,45's - 49's,7
Path 26 {40},3,12,30's - 34's,62
Path 26 {62},3,12,40's - 44's,8
Path 26 {74},3,20,40's - 44's,24
Path 26 {189},3,12,45's - 49's,2
Path 26 {206},3,9,20's - 24's,11
Path 27 {206},3,9,40's - 44's,3
Path 28 {0},3,20,15's - 19's,239
Path 28 {4},3,20,20's - 24's,49
Path 28 {4},3,9,30's - 34's,53
Path 28 {4},3,12,35's - 39's,18
Path 28 {6},3,20,35's - 39's,26
Path 28 {7},3,20,25's - 29's,66
Path 28 {20},3,20,30's - 34's,77
Path 28 {21},3,20,10's - 14's,3
Path 28 {28},3,9,35's - 39's,24
Path 28 {40},3,9,25's - 29's,51
Path 28 {40},3,12,40's - 44's,20
Path 28 {41},3,9,40's - 44's,24
Path 28 {57},3,12,30's - 34's,34
Path 28 {79},3,20,45's - 49's,9
Path 28 {84},3,20,40's - 44's,22
Path 28 {122},3,12,45's - 49's,3
Path 28 {196},3,9,20's - 24's,7
Path 28 {196},3,12,25's - 29's,7
Path 28 {492},3,9,45's - 49's,3
Path 29 {0},3,20,15's - 19's,231
Path 29 {0},3,9,30's - 34's,79
Path 29 {3},3,20,30's - 34's,87
Path 29 {4},3,20,20's - 24's,125
Path 29 {4},3,9,25's - 29's,84
Path 29 {4},3,12,35's - 39's,51
Path 29 {6},3,20,25's - 29's,119
Path 29 {10},3,9,40's - 44's,62
Path 29 {14},3,9,35's - 39's,60
Path 29 {20},3,12,45's - 49's,3
Path 29 {28},3,12,40's - 44's,29
Path 29 {29},3,20,35's - 39's,43
Path 29 {31},3,20,40's - 44's,43
Path 29 {40},3,12,30's - 34's,57
Path 29 {136},3,9,20's - 24's,8
Path 29 {244},3,9,45's - 49's,7
Path 29 {405},3,20,45's - 49's,8
Path 30 {1},3,20,20's - 24's,97
Path 30 {3},3,20,30's - 34's,74
Path 30 {4},3,9,30's - 34's,53
Path 30 {4},3,12,35's - 39's,16
Path 30 {5},3,20,15's - 19's,208
Path 30 {6},3,20,35's - 39's,38
Path 30 {7},3,20,25's - 29's,65
Path 30 {8},3,9,25's - 29's,70
Path 30 {20},3,9,40's - 44's,18
Path 30 {28},3,9,35's - 39's,24
Path 30 {40},3,12,40's - 44's,21
Path 30 {65},3,20,40's - 44's,13
Path 30 {136},3,12,30's - 34's,37
Path 30 {196},3,9,20's - 24's,6
Path 30 {240},3,12,45's - 49's,2
Path 30 {356},3,20,45's - 49's,2
Path 30 {492},3,9,45's - 49's,6
Path 31 {0},3,20,15's - 19's,243
Path 31 {0},3,9,45's - 49's,18
Path 31 {3},3,20,30's - 34's,59
Path 31 {4},3,20,20's - 24's,70
Path 31 {4},3,9,25's - 29's,65
Path 31 {4},3,12,35's - 39's,24
Path 31 {6},3,20,35's - 39's,23
Path 31 {7},3,20,25's - 29's,97
Path 31 {8},3,9,30's - 34's,59
Path 31 {17},3,9,40's - 44's,29
Path 31 {53},3,12,40's - 44's,7
Path 31 {62},3,9,35's - 39's,14
Path 31 {79},3,20,40's - 44's,26
Path 31 {82},3,20,45's - 49's,8
Path 31 {87},3,12,30's - 34's,37
Path 31 {155},3,12,45's - 49's,3
Path 31 {196},3,9,20's - 24's,19
Path 31 {196},3,12,25's - 29's,5
Path 31 {840},3,20,10's - 14's,2
Path 32 {4},3,12,30's - 34's,68
Path 32 {4},3,9,35's - 39's,46
Path 32 {4},3,20,40's - 44's,20
Path 32 {24},3,12,40's - 44's,21
Path 32 {53},3,12,35's - 39's,12
Path 32 {53},3,9,40's - 44's,16
Path 32 {57},3,12,25's - 29's,44
Path 32 {57},3,9,30's - 34's,44
Path 32 {59},3,12,45's - 49's,11
Path 32 {122},3,20,45's - 49's,6
Path 32 {136},3,20,35's - 39's,12
Path 32 {508},3,9,45's - 49's,5
Path 33 {0},3,20,20's - 24's,148
Path 33 {0},3,9,45's - 49's,10
Path 33 {3},3,20,30's - 34's,85
Path 33 {4},3,9,30's - 34's,71
Path 33 {4},3,12,35's - 39's,17
Path 33 {6},3,20,35's - 39's,37
Path 33 {7},3,20,25's - 29's,100
Path 33 {10},3,20,15's - 19's,148
Path 33 {20},3,9,35's - 39's,44
Path 33 {35},3,9,40's - 44's,17
Path 33 {40},3,9,25's - 29's,76
Path 33 {40},3,12,30's - 34's,61
Path 33 {53},3,12,45's - 49's,3
Path 33 {79},3,20,40's - 44's,30
Path 33 {136},3,9,20's - 24's,3
Path 33 {136},3,12,25's - 29's,3
Path 33 {155},3,12,40's - 44's,9
Path 33 {283},3,20,45's - 49's,4
Path 34 {0},3,20,20's - 24's,86
Path 34 {3},3,9,30's - 34's,105
Path 34 {4},3,9,25's - 29's,124
Path 34 {4},3,12,40's - 44's,24
Path 34 {6},3,9,35's - 39's,34
Path 34 {8},3,9,20's - 24's,33
Path 34 {8},3,20,25's - 29's,5
Path 34 {10},3,20,15's - 19's,142
Path 34 {20},3,20,35's - 39's,25
Path 34 {28},3,20,30's - 34's,35
Path 34 {41},3,20,40's - 44's,19
Path 34 {57},3,12,30's - 34's,34
Path 34 {59},3,9,45's - 49's,8
Path 34 {80},3,9,40's - 44's,40
Path 34 {106},3,12,45's - 49's,4
Path 34 {206},3,12,25's - 29's,3
Path 34 {243},3,12,35's - 39's,10
Path 34 {523},3,20,45's - 49's,1
Path 35 {0},3,20,15's - 19's,60
Path 35 {3},3,20,35's - 39's,47
Path 35 {4},3,20,20's - 24's,104
Path 35 {4},3,9,35's - 39's,31
Path 35 {4},3,12,40's - 44's,12
Path 35 {6},3,20,45's - 49's,4
Path 35 {7},3,20,30's - 34's,46
Path 35 {8},3,20,25's - 29's,70
Path 35 {18},3,20,40's - 44's,35
Path 35 {53},3,9,40's - 44's,20
Path 35 {57},3,9,30's - 34's,38
Path 35 {87},3,12,45's - 49's,7
Path 35 {136},3,9,25's - 29's,4
Path 35 {136},3,12,30's - 34's,6
Path 35 {175},3,9,45's - 49's,8
Path 35 {196},3,12,35's - 39's,6
Path 36 {1},3,20,20's - 24's,102
Path 36 {3},3,20,30's - 34's,83
Path 36 {4},3,9,25's - 29's,76
Path 36 {4},3,12,35's - 39's,19
Path 36 {5},3,20,15's - 19's,200
Path 36 {6},3,20,35's - 39's,38
Path 36 {7},3,20,25's - 29's,63
Path 36 {10},3,9,45's - 49's,15
Path 36 {20},3,9,40's - 44's,24
Path 36 {28},3,9,30's - 34's,44
Path 36 {40},3,12,40's - 44's,23
Path 36 {57},3,12,30's - 34's,42
Path 36 {59},3,9,35's - 39's,20
Path 36 {65},3,20,40's - 44's,23
Path 36 {196},3,9,20's - 24's,20
Path 36 {196},3,12,25's - 29's,3
Path 36 {502},3,20,45's - 49's,2
Path 36 {631},3,12,45's - 49's,1
Path 37 {0},3,20,15's - 19's,177
Path 37 {4},3,20,20's - 24's,102
Path 37 {4},3,9,30's - 34's,58
Path 37 {4},3,12,35's - 39's,15
Path 37 {6},3,20,40's - 44's,24
Path 37 {7},3,20,30's - 34's,82
Path 37 {16},3,20,25's - 29's,55
Path 37 {26},3,20,35's - 39's,32
Path 37 {40},3,9,25's - 29's,59
Path 37 {40},3,12,40's - 44's,18
Path 37 {41},3,9,40's - 44's,21
Path 37 {53},3,9,35's - 39's,19
Path 37 {57},3,12,30's - 34's,44
Path 37 {99},3,20,45's - 49's,4
Path 37 {196},3,9,20's - 24's,7
Path 37 {196},3,12,25's - 29's,5
Path 37 {207},3,9,45's - 49's,10
Path 37 {490},3,12,45's - 49's,2
Path 38 {0},3,20,20's - 24's,120
Path 38 {3},3,20,35's - 39's,34
Path 38 {4},3,9,30's - 34's,70
Path 38 {4},3,12,35's - 39's,22
Path 38 {6},3,20,40's - 44's,23
Path 38 {7},3,20,30's - 34's,83
Path 38 {8},3,20,25's - 29's,83
Path 38 {10},3,20,15's - 19's,99
Path 38 {28},3,9,35's - 39's,19
Path 38 {40},3,12,40's - 44's,16
Path 38 {53},3,12,45's - 49's,3
Path 38 {62},3,9,40's - 44's,16
Path 38 {136},3,9,25's - 29's,37
Path 38 {136},3,12,30's - 34's,18
Path 38 {333},3,9,45's - 49's,8
Path 38 {382},3,20,45's - 49's,8
Path 39 {3},3,20,30's - 34's,77
Path 39 {4},3,20,20's - 24's,97
Path 39 {4},3,9,25's - 29's,78
Path 39 {4},3,12,30's - 34's,43
Path 39 {5},3,20,15's - 19's,222
Path 39 {6},3,20,35's - 39's,39
Path 39 {7},3,20,25's - 29's,71
Path 39 {10},3,9,45's - 49's,16
Path 39 {20},3,9,40's - 44's,27
Path 39 {28},3,9,30's - 34's,44
Path 39 {40},3,12,35's - 39's,23
Path 39 {53},3,12,45's - 49's,5
Path 39 {59},3,9,35's - 39's,22
Path 39 {65},3,20,40's - 44's,14
Path 39 {87},3,9,20's - 24's,24
Path 39 {138},3,12,40's - 44's,5
Path 39 {196},3,12,25's - 29's,5
Path 39 {582},3,20,45's - 49's,2
Path 40 {0},3,20,10's - 14's,100
Path 40 {0},3,9,25's - 29's,181
Path 40 {0},3,12,30's - 34's,170
Path 40 {2},3,20,15's - 19's,373
Path 40 {3},3,20,25's - 29's,86
Path 40 {3},3,9,35's - 39's,89
Path 40 {3},3,12,40's - 44's,82
Path 40 {5},3,9,40's - 44's,88
Path 40 {7},3,20,20's - 24's,138
Path 40 {7},3,9,30's - 34's,114
Path 40 {10},3,12,35's - 39's,94
Path 40 {12},3,20,35's - 39's,63
Path 40 {13},3,20,30's - 34's,63
Path 40 {25},3,20,40's - 44's,39
Path 40 {40},3,9,20's - 24's,80
Path 40 {40},3,12,25's - 29's,68
Path 40 {119},3,12,45's - 49's,29
Path 40 {319},3,20,45's - 49's,4
Path 41 {0},3,20,15's - 19's,243
Path 41 {3},3,20,30's - 34's,65
Path 41 {4},3,20,20's - 24's,71
Path 41 {4},3,9,25's - 29's,67
Path 41 {4},3,12,35's - 39's,12
Path 41 {6},3,20,35's - 39's,26
Path 41 {7},3,20,25's - 29's,79
Path 41 {10},3,9,45's - 49's,15
Path 41 {20},3,9,40's - 44's,29
Path 41 {28},3,9,30's - 34's,51
Path 41 {40},3,12,40's - 44's,20
Path 41 {57},3,12,30's - 34's,37
Path 41 {62},3,9,35's - 39's,11
Path 41 {79},3,20,45's - 49's,8
Path 41 {84},3,20,40's - 44's,22
Path 41 {122},3,12,45's - 49's,7
Path 41 {196},3,9,20's - 24's,18
Path 41 {196},3,12,25's - 29's,12
Path 42 {0},3,20,15's - 19's,130
Path 42 {0},3,9,45's - 49's,16
Path 42 {3},3,20,30's - 34's,76
Path 42 {4},3,20,20's - 24's,111
Path 42 {4},3,9,30's - 34's,75
Path 42 {4},3,12,35's - 39's,15
Path 42 {6},3,20,40's - 44's,36
Path 42 {7},3,20,25's - 29's,104
Path 42 {28},3,9,35's - 39's,19
Path 42 {53},3,12,40's - 44's,20
Path 42 {57},3,9,25's - 29's,50
Path 42 {57},3,12,45's - 49's,7
Path 42 {79},3,20,45's - 49's,12
Path 42 {102},3,20,35's - 39's,21
Path 42 {136},3,9,20's - 24's,2
Path 42 {136},3,12,30's - 34's,34
Path 42 {175},3,9,40's - 44's,21
Path 42 {206},3,12,25's - 29's,1
Path 43 {0},3,9,25's - 29's,230
Path 43 {0},3,12,40's - 44's,31
Path 43 {3},3,9,30's - 34's,157
Path 43 {3},3,20,35's - 39's,32
Path 43 {4},3,20,20's - 24's,71
Path 43 {4},3,12,30's - 34's,105
Path 43 {5},3,20,15's - 19's,242
Path 43 {7},3,20,30's - 34's,64
Path 43 {10},3,9,35's - 39's,80
Path 43 {18},3,20,10's - 14's,19
Path 43 {21},3,9,45's - 49's,7
Path 43 {29},3,20,45's - 49's,10
Path 43 {33},3,20,40's - 44's,24
Path 43 {34},3,9,20's - 24's,92
Path 43 {34},3,20,25's - 29's,24
Path 43 {34},3,12,45's - 49's,6
Path 43 {49},3,12,35's - 39's,52
Path 43 {74},3,9,40's - 44's,61
Path 43 {138},3,12,25's - 29's,15
Path 44 {0},3,20,10's - 14's,48
Path 44 {0},3,9,20's - 24's,124
Path 44 {0},3,12,35's - 39's,31
Path 44 {2},3,20,15's - 19's,330
Path 44 {3},3,9,25's - 29's,262
Path 44 {3},3,20,30's - 34's,47
Path 44 {3},3,12,40's - 44's,45
Path 44 {4},3,12,25's - 29's,49
Path 44 {6},3,9,35's - 39's,88
Path 44 {7},3,20,25's - 29's,16
Path 44 {8},3,20,20's - 24's,97
Path 44 {8},3,12,30's - 34's,127
Path 44 {10},3,12,45's - 49's,15
Path 44 {21},3,9,45's - 49's,15
Path 44 {26},3,9,30's - 34's,119
Path 44 {29},3,20,40's - 44's,32
Path 44 {30},3,20,45's - 49's,9
Path 44 {46},3,9,40's - 44's,46
Path 44 {79},3,20,35's - 39's,26
Path 45 {0},3,20,20's - 24's,151
Path 45 {3},3,20,35's - 39's,39
Path 45 {4},3,20,25's - 29's,122
Path 45 {4},3,9,30's - 34's,68
Path 45 {4},3,12,35's - 39's,18
Path 45 {6},3,20,40's - 44's,37
Path 45 {7},3,20,30's - 34's,91
Path 45 {21},3,20,15's - 19's,6
Path 45 {28},3,9,35's - 39's,33
Path 45 {53},3,12,45's - 49's,7
Path 45 {136},3,9,25's - 29's,29
Path 45 {136},3,12,30's - 34's,27
Path 45 {149},3,9,40's - 44's,20
Path 45 {243},3,12,40's - 44's,17
Path 45 {333},3,9,45's - 49's,5
Path 45 {339},3,20,45's - 49's,4
Path 46 {0},3,20,15's - 19's,15
Path 46 {3},3,20,40's - 44's,43
Path 46 {4},3,20,25's - 29's,75
Path 46 {4},3,9,35's - 39's,31
Path 46 {4},3,12,40's - 44's,7
Path 46 {14},3,20,30's - 34's,75
Path 46 {16},3,20,35's - 39's,35
Path 46 {40},3,20,20's - 24's,56
Path 46 {40},3,9,40's - 44's,18
Path 46 {106},3,9,45's - 49's,3
Path 46 {119},3,20,45's - 49's,11
Path 46 {136},3,9,25's - 29's,4
Path 46 {136},3,12,30's - 34's,4
Path 46 {139},3,9,30's - 34's,20
Path 46 {139},3,12,35's - 39's,7
Path 46 {286},3,12,45's - 49's,3
Path 47 {0},3,20,15's - 19's,17
Path 47 {3},3,20,40's - 44's,43
Path 47 {4},3,20,25's - 29's,83
Path 47 {4},3,9,35's - 39's,22
Path 47 {4},3,12,40's - 44's,7
Path 47 {14},3,20,35's - 39's,36
Path 47 {28},3,20,30's - 34's,73
Path 47 {40},3,9,40's - 44's,26
Path 47 {87},3,20,20's - 24's,41
Path 47 {106},3,9,45's - 49's,3
Path 47 {119},3,20,45's - 49's,13
Path 47 {136},3,9,25's - 29's,4
Path 47 {136},3,12,30's - 34's,4
Path 47 {196},3,9,30's - 34's,17
Path 47 {272},3,12,35's - 39's,4
Path 47 {434},3,12,45's - 49's,3
Path 48 {0},3,20,15's - 19's,243
Path 48 {3},3,20,30's - 34's,72
Path 48 {4},3,20,20's - 24's,71
Path 48 {4},3,9,25's - 29's,69
Path 48 {4},3,12,30's - 34's,41
Path 48 {6},3,20,35's - 39's,24
Path 48 {7},3,20,25's - 29's,85
Path 48 {8},3,9,30's - 34's,45
Path 48 {10},3,9,45's - 49's,18
Path 48 {20},3,9,40's - 44's,27
Path 48 {40},3,12,40's - 44's,18
Path 48 {62},3,9,35's - 39's,15
Path 48 {65},3,20,45's - 49's,7
Path 48 {79},3,20,40's - 44's,23
Path 48 {87},3,12,35's - 39's,20
Path 48 {138},3,9,20's - 24's,23
Path 48 {155},3,12,45's - 49's,3
Path 48 {258},3,20,10's - 14's,1
Path 48 {396},3,12,25's - 29's,4
Path 49 {0},3,20,15's - 19's,115
Path 49 {3},3,20,30's - 34's,70
Path 49 {4},3,20,20's - 24's,104
Path 49 {4},3,9,30's - 34's,60
Path 49 {4},3,12,40's - 44's,17
Path 49 {6},3,20,40's - 44's,31
Path 49 {8},3,20,25's - 29's,92
Path 49 {28},3,9,35's - 39's,28
Path 49 {53},3,12,45's - 49's,10
Path 49 {62},3,9,40's - 44's,14
Path 49 {79},3,20,45's - 49's,14
Path 49 {87},3,12,35's - 39's,8
Path 49 {136},3,9,25's - 29's,29
Path 49 {136},3,12,30's - 34's,22
Path 49 {137},3,20,35's - 39's,18
Path 49 {271},3,9,45's - 49's,5
Path 50 {0},3,20,40's - 44's,43
Path 50 {1},3,20,15's - 19's,24
Path 50 {4},3,12,35's - 39's,27
Path 50 {4},3,9,40's - 44's,20
Path 50 {8},3,20,30's - 34's,72
Path 50 {16},3,20,35's - 39's,39
Path 50 {27},3,20,45's - 49's,12
Path 50 {40},3,20,25's - 29's,65
Path 50 {40},3,12,40's - 44's,21
Path 50 {57},3,20,20's - 24's,25
Path 50 {106},3,12,45's - 49's,5
Path 50 {136},3,12,25's - 29's,4
Path 50 {136},3,9,30's - 34's,4
Path 50 {139},3,12,30's - 34's,19
Path 50 {139},3,9,35's - 39's,13
Path 50 {368},3,9,45's - 49's,2
Path 51 {0},3,20,10's - 14's,1
Path 51 {1},3,20,15's - 19's,233
Path 51 {3},3,20,30's - 34's,75
Path 51 {4},3,20,20's - 24's,70
Path 51 {4},3,9,25's - 29's,74
Path 51 {4},3,12,35's - 39's,21
Path 51 {6},3,20,35's - 39's,23
Path 51 {7},3,20,25's - 29's,69
Path 51 {10},3,9,45's - 49's,16
Path 51 {20},3,9,40's - 44's,32
Path 51 {28},3,9,30's - 34's,49
Path 51 {40},3,12,40's - 44's,18
Path 51 {62},3,9,35's - 39's,11
Path 51 {65},3,20,45's - 49's,8
Path 51 {84},3,20,40's - 44's,28
Path 51 {87},3,12,30's - 34's,36
Path 51 {155},3,12,45's - 49's,4
Path 51 {196},3,9,20's - 24's,15
Path 51 {396},3,12,25's - 29's,4
Path 52 {0},3,9,25's - 29's,123
Path 52 {3},3,20,30's - 34's,94
Path 52 {3},3,9,35's - 39's,56
Path 52 {4},3,20,20's - 24's,132
Path 52 {4},3,12,30's - 34's,101
Path 52 {6},3,9,45's - 49's,14
Path 52 {10},3,20,10's - 14's,37
Path 52 {15},3,20,15's - 19's,153
Path 52 {16},3,9,30's - 34's,103
Path 52 {17},3,12,40's - 44's,39
Path 52 {18},3,9,40's - 44's,51
Path 52 {29},3,20,35's - 39's,33
Path 52 {33},3,20,25's - 29's,79
Path 52 {37},3,20,40's - 44's,46
Path 52 {40},3,9,20's - 24's,43
Path 52 {57},3,12,25's - 29's,11
Path 52 {62},3,12,35's - 39's,37
Path 52 {86},3,20,45's - 49's,4
Path 52 {146},3,12,45's - 49's,5
Path 53 {0},3,20,45's - 49's,10
Path 53 {4},3,20,25's - 29's,73
Path 53 {4},3,9,35's - 39's,15
Path 53 {8},3,20,30's - 34's,76
Path 53 {10},3,20,40's - 44's,38
Path 53 {14},3,20,35's - 39's,29
Path 53 {40},3,9,40's - 44's,22
Path 53 {122},3,9,45's - 49's,8
Path 53 {136},3,20,20's - 24's,26
Path 53 {136},3,9,25's - 29's,3
Path 53 {139},3,9,30's - 34's,21
Path 53 {139},3,12,40's - 44's,5
Path 53 {206},3,12,35's - 39's,3
Path 53 {565},3,12,45's - 49's,2
Path 54 {0},3,20,15's - 19's,227
Path 54 {3},3,20,30's - 34's,65
Path 54 {4},3,20,20's - 24's,85
Path 54 {4},3,9,30's - 34's,68
Path 54 {4},3,12,35's - 39's,18
Path 54 {6},3,20,35's - 39's,25
Path 54 {7},3,20,25's - 29's,91
Path 54 {17},3,9,45's - 49's,11
Path 54 {20},3,9,35's - 39's,23
Path 54 {29},3,20,45's - 49's,8
Path 54 {40},3,9,25's - 29's,61
Path 54 {40},3,12,40's - 44's,16
Path 54 {41},3,9,40's - 44's,18
Path 54 {57},3,12,30's - 34's,43
Path 54 {79},3,20,40's - 44's,27
Path 54 {196},3,9,20's - 24's,9
Path 54 {196},3,12,25's - 29's,6
Path 54 {490},3,12,45's - 49's,3
Path 55 {0},3,9,25's - 29's,102
Path 55 {3},3,20,30's - 34's,104
Path 55 {3},3,9,40's - 44's,36
Path 55 {4},3,20,20's - 24's,171
Path 55 {4},3,12,30's - 34's,85
Path 55 {6},3,20,35's - 39's,38
Path 55 {7},3,20,25's - 29's,104
Path 55 {8},3,9,30's - 34's,104
Path 55 {10},3,20,15's - 19's,122
Path 55 {14},3,9,35's - 39's,30
Path 55 {20},3,12,45's - 49's,8
Path 55 {28},3,12,35's - 39's,16
Path 55 {29},3,20,40's - 44's,27
Path 55 {57},3,9,20's - 24's,36
Path 55 {57},3,12,25's - 29's,25
Path 55 {66},3,20,45's - 49's,4
Path 55 {175},3,12,40's - 44's,12
Path 55 {455},3,9,45's - 49's,6
Path 55 {529},3,20,10's - 14's,2
Path 56 {0},3,20,15's - 19's,114
Path 56 {0},3,9,30's - 34's,94
Path 56 {3},3,20,30's - 34's,94
Path 56 {4},3,20,20's - 24's,182
Path 56 {4},3,9,25's - 29's,76
Path 56 {4},3,12,30's - 34's,62
Path 56 {5},3,20,40's - 44's,48
Path 56 {6},3,20,35's - 39's,43
Path 56 {10},3,9,40's - 44's,52
Path 56 {20},3,9,35's - 39's,30
Path 56 {20},3,12,45's - 49's,7
Path 56 {26},3,20,25's - 29's,117
Path 56 {53},3,12,35's - 39's,29
Path 56 {62},3,12,40's - 44's,18
Path 56 {95},3,20,45's - 49's,11
Path 56 {136},3,9,20's - 24's,6
Path 56 {136},3,12,25's - 29's,6
Path 56 {147},3,9,45's - 49's,16
Path 57 {0},3,9,25's - 29's,276
Path 57 {0},3,12,35's - 39's,52
Path 57 {3},3,9,30's - 34's,153
Path 57 {3},3,20,35's - 39's,43
Path 57 {3},3,12,40's - 44's,36
Path 57 {4},3,20,15's - 19's,250
Path 57 {4},3,12,30's - 34's,145
Path 57 {5},3,20,20's - 24's,141
Path 57 {6},3,9,35's - 39's,98
Path 57 {7},3,9,20's - 24's,58
Path 57 {7},3,20,30's - 34's,49
Path 57 {15},3,20,10's - 14's,22
Path 57 {29},3,20,45's - 49's,5
Path 57 {37},3,9,40's - 44's,59
Path 57 {82},3,20,40's - 44's,34
Path 57 {176},3,9,45's - 49's,5
Path 57 {231},3,12,45's - 49's,12
Path 58 {0},3,20,10's - 14's,2
Path 58 {1},3,20,15's - 19's,228
Path 58 {3},3,20,30's - 34's,78
Path 58 {4},3,20,20's - 24's,69
Path 58 {4},3,9,30's - 34's,51
Path 58 {4},3,12,35's - 39's,17
Path 58 {6},3,20,35's - 39's,23
Path 58 {7},3,20,25's - 29's,73
Path 58 {8},3,9,25's - 29's,61
Path 58 {24},3,9,40's - 44's,24
Path 58 {28},3,9,35's - 39's,27
Path 58 {40},3,12,40's - 44's,22
Path 58 {65},3,20,40's - 44's,28
Path 58 {79},3,20,45's - 49's,9
Path 58 {136},3,12,30's - 34's,38
Path 58 {155},3,12,45's - 49's,3
Path 58 {196},3,9,20's - 24's,6
Path 58 {315},3,9,45's - 49's,6
Path 59 {0},3,9,25's - 29's,177
Path 59 {0},3,12,35's - 39's,81
Path 59 {2},3,20,15's - 19's,358
Path 59 {3},3,20,20's - 24's,129
Path 59 {3},3,9,30's - 34's,122
Path 59 {3},3,12,40's - 44's,50
Path 59 {4},3,20,10's - 14's,52
Path 59 {6},3,9,35's - 39's,86
Path 59 {8},3,12,30's - 34's,142
Path 59 {22},3,20,25's - 29's,62
Path 59 {40},3,9,20's - 24's,48
Path 59 {47},3,20,30's - 34's,61
Path 59 {51},3,20,40's - 44's,23
Path 59 {65},3,9,40's - 44's,48
Path 59 {74},3,20,35's - 39's,39
Path 59 {98},3,20,45's - 49's,1
Path 59 {176},3,9,45's - 49's,7
Path 59 {231},3,12,45's - 49's,12
Path 60 {4},3,9,30's - 34's,42
Path 60 {4},3,12,40's - 44's,13
Path 60 {53},3,9,40's - 44's,18
Path 60 {87},3,9,35's - 39's,24
Path 60 {136},3,9,25's - 29's,32
Path 60 {136},3,12,30's - 34's,15
Path 60 {139},3,20,35's - 39's,3
Path 60 {155},3,9,45's - 49's,3
Path 60 {206},3,20,20's - 24's,1
Path 60 {412},3,20,40's - 44's,4
Path 60 {503},3,9,20's - 24's,1
Path 60 {843},3,12,35's - 39's,2
Path 61 {0},3,20,10's - 14's,85
Path 61 {0},3,9,25's - 29's,232
Path 61 {0},3,12,30's - 34's,222
Path 61 {1},3,12,40's - 44's,82
Path 61 {2},3,20,15's - 19's,453
Path 61 {3},3,20,25's - 29's,97
Path 61 {3},3,9,30's - 34's,126
Path 61 {3},3,12,35's - 39's,105
Path 61 {4},3,9,20's - 24's,85
Path 61 {4},3,12,25's - 29's,66
Path 61 {5},3,9,40's - 44's,67
Path 61 {5},3,12,45's - 49's,24
Path 61 {6},3,9,35's - 39's,101
Path 61 {12},3,20,35's - 39's,41
Path 61 {13},3,20,30's - 34's,49
Path 61 {19},3,20,40's - 44's,30
Path 61 {22},3,20,20's - 24's,120
Path 61 {61},3,9,45's - 49's,18
Path 61 {289},3,20,45's - 49's,6
Path 62 {4},3,9,30's - 34's,61
Path 62 {4},3,20,35's - 39's,21
Path 62 {24},3,9,40's - 44's,27
Path 62 {28},3,9,35's - 39's,38
Path 62 {40},3,9,25's - 29's,62
Path 62 {40},3,20,40's - 44's,14
Path 62 {53},3,20,45's - 49's,4
Path 62 {87},3,20,30's - 34's,36
Path 62 {136},3,20,20's - 24's,2
Path 62 {138},3,9,20's - 24's,13
Path 62 {139},3,12,40's - 44's,6
Path 62 {183},3,9,45's - 49's,2
Path 62 {196},3,20,25's - 29's,10
Path 62 {206},3,12,35's - 39's,3
Path 62 {434},3,12,45's - 49's,4
Path 63 {0},3,20,10's - 14's,5
Path 63 {0},3,12,25's - 29's,90
Path 63 {0},3,9,35's - 39's,69
Path 63 {3},3,12,40's - 44's,57
Path 63 {4},3,20,20's - 24's,112
Path 63 {4},3,12,30's - 34's,104
Path 63 {5},3,20,15's - 19's,229
Path 63 {6},3,20,25's - 29's,87
Path 63 {17},3,12,35's - 39's,39
Path 63 {17},3,9,45's - 49's,13
Path 63 {20},3,9,40's - 44's,57
Path 63 {22},3,20,30's - 34's,53
Path 63 {29},3,20,35's - 39's,78
Path 63 {37},3,20,40's - 44's,50
Path 63 {40},3,9,30's - 34's,86
Path 63 {57},3,12,20's - 24's,29
Path 63 {79},3,12,45's - 49's,20
Path 63 {136},3,9,25's - 29's,16
Path 63 {291},3,20,45's - 49's,6
Path 64 {0},3,20,20's - 24's,144
Path 64 {3},3,20,35's - 39's,44
Path 64 {4},3,9,30's - 34's,70
Path 64 {4},3,12,35's - 39's,32
Path 64 {7},3,20,30's - 34's,94
Path 64 {8},3,20,25's - 29's,90
Path 64 {10},3,20,15's - 19's,90
Path 64 {20},3,9,40's - 44's,25
Path 64 {28},3,9,35's - 39's,40
Path 64 {30},3,20,40's - 44's,36
Path 64 {40},3,9,25's - 29's,41
Path 64 {107},3,12,40's - 44's,17
Path 64 {136},3,12,30's - 34's,26
Path 64 {151},3,20,45's - 49's,9
Path 64 {333},3,9,45's - 49's,5
Path 65 {0},3,20,20's - 24's,115
Path 65 {3},3,20,30's - 34's,91
Path 65 {4},3,9,25's - 29's,57
Path 65 {4},3,12,35's - 39's,17
Path 65 {6},3,20,35's - 39's,42
Path 65 {10},3,20,15's - 19's,138
Path 65 {16},3,20,25's - 29's,59
Path 65 {28},3,9,35's - 39's,14
Path 65 {40},3,9,30's - 34's,51
Path 65 {40},3,12,40's - 44's,20
Path 65 {41},3,9,45's - 49's,6
Path 65 {57},3,12,30's - 34's,36
Path 65 {59},3,9,40's - 44's,26
Path 65 {80},3,20,40's - 44's,27
Path 65 {136},3,9,20's - 24's,9
Path 65 {136},3,12,25's - 29's,6
Path 65 {155},3,12,45's - 49's,2
Path 65 {502},3,20,45's - 49's,3
Path 66 {0},3,20,10's - 14's,25
Path 66 {0},3,9,25's - 29's,139
Path 66 {0},3,12,40's - 44's,37
Path 66 {2},3,20,20's - 24's,90
Path 66 {3},3,9,30's - 34's,106
Path 66 {4},3,20,15's - 19's,335
Path 66 {4},3,9,20's - 24's,51
Path 66 {4},3,12,25's - 29's,36
Path 66 {6},3,9,40's - 44's,45
Path 66 {8},3,12,30's - 34's,109
Path 66 {10},3,9,35's - 39's,59
Path 66 {10},3,12,45's - 49's,16
Path 66 {22},3,20,25's - 29's,113
Path 66 {24},3,12,35's - 39's,34
Path 66 {29},3,20,35's - 39's,39
Path 66 {30},3,20,30's - 34's,52
Path 66 {37},3,20,40's - 44's,48
Path 66 {84},3,9,45's - 49's,10
Path 66 {86},3,20,45's - 49's,1
Path 67 {0},3,20,10's - 14's,112
Path 67 {0},3,9,25's - 29's,146
Path 67 {0},3,12,40's - 44's,43
Path 67 {2},3,20,20's - 24's,183
Path 67 {3},3,20,25's - 29's,136
Path 67 {3},3,9,35's - 39's,69
Path 67 {4},3,20,15's - 19's,188
Path 67 {4},3,12,30's - 34's,99
Path 67 {6},3,9,40's - 44's,57
Path 67 {7},3,9,30's - 34's,100
Path 67 {10},3,12,45's - 49's,14
Path 67 {24},3,12,35's - 39's,77
Path 67 {29},3,20,30's - 34's,59
Path 67 {40},3,9,20's - 24's,39
Path 67 {73},3,20,40's - 44's,29
Path 67 {74},3,20,35's - 39's,39
Path 67 {171},3,20,45's - 49's,5
Path 67 {176},3,9,45's - 49's,8
Path 68 {0},3,20,20's - 24's,63
Path 68 {3},3,20,40's - 44's,44
Path 68 {4},3,20,25's - 29's,73
Path 68 {4},3,9,30's - 34's,38
Path 68 {4},3,12,40's - 44's,8
Path 68 {10},3,20,35's - 39's,48
Path 68 {14},3,20,30's - 34's,79
Path 68 {40},3,9,40's - 44's,26
Path 68 {107},3,20,15's - 19's,12
Path 68 {136},3,9,25's - 29's,12
Path 68 {136},3,12,35's - 39's,10
Path 68 {159},3,9,35's - 39's,16
Path 68 {206},3,12,30's - 34's,3
Path 68 {322},3,20,45's - 49's,3
Path 68 {451},3,9,45's - 49's,3
Path 68 {738},3,12,45's - 49's,1
Path 69 {0},3,20,10's - 14's,17
Path 69 {0},3,9,30's - 34's,96
Path 69 {3},3,20,25's - 29's,104
Path 69 {3},3,9,35's - 39's,30
Path 69 {4},3,20,20's - 24's,115
Path 69 {4},3,9,25's - 29's,107
Path 69 {4},3,12,30's - 34's,91
Path 69 {5},3,20,15's - 19's,268
Path 69 {6},3,20,35's - 39's,36
Path 69 {10},3,9,40's - 44's,31
Path 69 {22},3,20,30's - 34's,70
Path 69 {28},3,12,35's - 39's,22
Path 69 {31},3,20,40's - 44's,20
Path 69 {40},3,9,20's - 24's,48
Path 69 {62},3,12,40's - 44's,15
Path 69 {66},3,20,45's - 49's,4
Path 69 {96},3,9,45's - 49's,11
Path 69 {189},3,12,45's - 49's,4
Path 69 {272},3,12,25's - 29's,13
Path 70 {4},3,20,25's - 29's,71
Path 70 {4},3,9,35's - 39's,12
Path 70 {4},3,12,45's - 49's,3
Path 70 {8},3,20,30's - 34's,71
Path 70 {10},3,20,40's - 44's,43
Path 70 {16},3,20,35's - 39's,50
Path 70 {40},3,9,40's - 44's,25
Path 70 {57},3,9,30's - 34's,31
Path 70 {122},3,9,45's - 49's,7
Path 70 {136},3,20,20's - 24's,25
Path 70 {136},3,9,25's - 29's,4
Path 70 {139},3,12,35's - 39's,6
Path 70 {272},3,12,40's - 44's,5
Path 70 {632},3,20,45's - 49's,3
Path 71 {4},3,9,25's - 29's,65
Path 71 {4},3,12,35's - 39's,20
Path 71 {4},3,20,40's - 44's,12
Path 71 {8},3,9,30's - 34's,63
Path 71 {17},3,9,45's - 49's,4
Path 71 {40},3,12,40's - 44's,14
Path 71 {53},3,9,35's - 39's,8
Path 71 {59},3,9,40's - 44's,31
Path 71 {87},3,9,20's - 24's,20
Path 71 {136},3,20,20's - 24's,5
Path 71 {139},3,12,30's - 34's,21
Path 71 {139},3,20,35's - 39's,8
Path 71 {159},3,12,45's - 49's,5
Path 71 {243},3,20,15's - 19's,2
Path 71 {413},3,12,25's - 29's,2
Path 71 {413},3,20,30's - 34's,2
Path 71 {664},3,20,45's - 49's,2
Path 72 {0},3,20,15's - 19's,115
Path 72 {3},3,20,30's - 34's,80
Path 72 {4},3,20,20's - 24's,62
Path 72 {4},3,9,30's - 34's,41
Path 72 {4},3,12,40's - 44's,19
Path 72 {6},3,20,40's - 44's,26
Path 72 {8},3,20,25's - 29's,66
Path 72 {27},3,20,35's - 39's,39
Path 72 {53},3,9,35's - 39's,16
Path 72 {59},3,9,45's - 49's,9
Path 72 {62},3,9,40's - 44's,24
Path 72 {80},3,20,45's - 49's,14
Path 72 {136},3,9,25's - 29's,32
Path 72 {136},3,12,30's - 34's,21
Path 72 {206},3,9,20's - 24's,2
Path 72 {206},3,12,25's - 29's,2
Path 72 {250},3,12,45's - 49's,3
Path 72 {387},3,12,35's - 39's,3
Path 73 {0},3,20,40's - 44's,50
Path 73 {4},3,20,30's - 34's,71
Path 73 {4},3,12,40's - 44's,25
Path 73 {14},3,20,35's - 39's,48
Path 73 {40},3,20,25's - 29's,70
Path 73 {136},3,20,20's - 24's,19
Path 73 {136},3,12,25's - 29's,2
Path 73 {136},3,9,35's - 39's,13
Path 73 {139},3,12,30's - 34's,16
Path 73 {139},3,9,40's - 44's,9
Path 73 {155},3,12,45's - 49's,4
Path 73 {284},3,12,35's - 39's,18
Path 73 {426},3,20,45's - 49's,3
Path 73 {565},3,9,45's - 49's,2
Path 74 {0},3,20,10's - 14's,24
Path 74 {0},3,9,30's - 34's,94
Path 74 {3},3,20,30's - 34's,75
Path 74 {3},3,9,40's - 44's,34
Path 74 {4},3,20,20's - 24's,131
Path 74 {4},3,9,25's - 29's,105
Path 74 {4},3,12,30's - 34's,95
Path 74 {6},3,20,35's - 39's,39
Path 74 {7},3,20,25's - 29's,111
Path 74 {10},3,20,15's - 19's,202
Path 74 {10},3,9,45's - 49's,6
Path 74 {20},3,9,35's - 39's,52
Path 74 {20},3,12,45's - 49's,7
Path 74 {28},3,12,35's - 39's,18
Path 74 {29},3,20,40's - 44's,24
Path 74 {57},3,9,20's - 24's,18
Path 74 {57},3,12,25's - 29's,12
Path 74 {66},3,20,45's - 49's,3
Path 74 {175},3,12,40's - 44's,15
Path 75 {0},3,20,10's - 14's,16
Path 75 {0},3,9,40's - 44's,42
Path 75 {3},3,9,30's - 34's,145
Path 75 {3},3,20,35's - 39's,27
Path 75 {4},3,20,20's - 24's,87
Path 75 {4},3,9,25's - 29's,172
Path 75 {4},3,12,30's - 34's,88
Path 75 {6},3,9,35's - 39's,50
Path 75 {6},3,20,40's - 44's,21
Path 75 {7},3,20,30's - 34's,49
Path 75 {10},3,20,15's - 19's,244
Path 75 {20},3,9,20's - 24's,40
Path 75 {28},3,12,35's - 39's,16
Path 75 {41},3,12,45's - 49's,8
Path 75 {57},3,12,25's - 29's,10
Path 75 {82},3,9,45's - 49's,8
Path 75 {155},3,12,40's - 44's,16
Path 75 {266},3,20,45's - 49's,3
Path 76 {0},3,20,20's - 24's,115
Path 76 {3},3,20,35's - 39's,47
Path 76 {4},3,20,25's - 29's,75
Path 76 {4},3,12,30's - 34's,38
Path 76 {4},3,9,35's - 39's,34
Path 76 {7},3,20,30's - 34's,79
Path 76 {18},3,20,40's - 44's,41
Path 76 {53},3,12,40's - 44's,21
Path 76 {62},3,12,45's - 49's,16
Path 76 {136},3,12,25's - 29's,22
Path 76 {136},3,9,30's - 34's,13
Path 76 {138},3,9,40's - 44's,19
Path 76 {170},3,12,35's - 39's,14
Path 76 {267},3,20,45's - 49's,3
Path 76 {293},3,20,15's - 19's,1
Path 76 {738},3,9,45's - 49's,1
Path 77 {0},3,20,20's - 24's,62
Path 77 {3},3,20,40's - 44's,52
Path 77 {4},3,20,25's - 29's,74
Path 77 {4},3,9,35's - 39's,25
Path 77 {4},3,12,45's - 49's,4
Path 77 {14},3,20,30's - 34's,70
Path 77 {16},3,20,35's - 39's,51
Path 77 {40},3,9,40's - 44's,27
Path 77 {122},3,9,45's - 49's,4
Path 77 {136},3,9,25's - 29's,6
Path 77 {136},3,12,35's - 39's,9
Path 77 {139},3,9,30's - 34's,20
Path 77 {196},3,12,40's - 44's,3
Path 77 {341},3,20,45's - 49's,3
Path 78 {0},3,9,30's - 34's,90
Path 78 {3},3,20,30's - 34's,76
Path 78 {3},3,9,40's - 44's,36
Path 78 {4},3,20,20's - 24's,137
Path 78 {4},3,9,25's - 29's,86
Path 78 {4},3,12,30's - 34's,71
Path 78 {5},3,20,15's - 19's,243
Path 78 {6},3,20,35's - 39's,34
Path 78 {7},3,20,25's - 29's,70
Path 78 {17},3,12,45's - 49's,11
Path 78 {29},3,20,45's - 49's,5
Path 78 {34},3,9,35's - 39's,27
Path 78 {40},3,9,20's - 24's,62
Path 78 {57},3,12,25's - 29's,42
Path 78 {62},3,12,40's - 44's,19
Path 78 {65},3,20,40's - 44's,21
Path 78 {96},3,9,45's - 49's,12
Path 78 {107},3,12,35's - 39's,10
Path 79 {4},3,20,35's - 39's,34
Path 79 {8},3,9,35's - 39's,24
Path 79 {10},3,9,45's - 49's,15
Path 79 {20},3,9,40's - 44's,32
Path 79 {57},3,20,30's - 34's,23
Path 79 {58},3,9,30's - 34's,29
Path 79 {87},3,9,25's - 29's,46
Path 79 {122},3,20,40's - 44's,19
Path 79 {136},3,20,20's - 24's,2
Path 79 {139},3,12,40's - 44's,5
Path 79 {156},3,20,45's - 49's,3
Path 79 {196},3,9,20's - 24's,8
Path 79 {206},3,12,35's - 39's,1
Path 79 {424},3,12,45's - 49's,5
Path 80 {4},3,9,30's - 34's,62
Path 80 {4},3,20,35's - 39's,34
Path 80 {24},3,9,35's - 39's,29
Path 80 {40},3,9,25's - 29's,63
Path 80 {40},3,20,40's - 44's,15
Path 80 {88},3,9,40's - 44's,27
Path 80 {136},3,20,20's - 24's,2
Path 80 {139},3,20,30's - 34's,22
Path 80 {139},3,12,40's - 44's,5
Path 80 {206},3,12,35's - 39's,2
Path 80 {354},3,9,20's - 24's,7
Path 80 {424},3,12,45's - 49's,1
Path 80 {508},3,20,45's - 49's,2
Path 81 {1},3,20,20's - 24's,62
Path 81 {4},3,20,25's - 29's,52
Path 81 {4},3,9,30's - 34's,33
Path 81 {14},3,20,15's - 19's,28
Path 81 {17},3,20,40's - 44's,20
Path 81 {28},3,20,30's - 34's,43
Path 81 {40},3,9,40's - 44's,8
Path 81 {59},3,20,35's - 39's,25
Path 81 {92},3,20,45's - 49's,2
Path 81 {122},3,9,45's - 49's,2
Path 81 {136},3,9,25's - 29's,8
Path 81 {139},3,12,40's - 44's,4
Path 81 {240},3,9,35's - 39's,12
Path 81 {272},3,12,45's - 49's,1
Path 81 {413},3,12,35's - 39's,1
Path 82 {4},3,20,25's - 29's,36
Path 82 {40},3,20,30's - 34's,30
Path 82 {53},3,20,40's - 44's,13
Path 82 {122},3,20,35's - 39's,9
Path 82 {139},3,9,35's - 39's,3
Path 82 {206},3,9,40's - 44's,3
Path 82 {413},3,20,20's - 24's,2
Path 82 {413},3,9,30's - 34's,2
Path 82 {843},3,9,45's - 49's,1
Path 83 {0},3,20,10's - 14's,21
Path 83 {0},3,9,30's - 34's,104
Path 83 {0},3,12,40's - 44's,37
Path 83 {3},3,20,25's - 29's,118
Path 83 {3},3,9,35's - 39's,68
Path 83 {4},3,20,15's - 19's,354
Path 83 {4},3,9,25's - 29's,142
Path 83 {4},3,12,30's - 34's,118
Path 83 {7},3,20,20's - 24's,101
Path 83 {10},3,12,45's - 49's,16
Path 83 {27},3,9,40's - 44's,55
Path 83 {29},3,20,35's - 39's,36
Path 83 {33},3,20,30's - 34's,56
Path 83 {40},3,9,20's - 24's,24
Path 83 {41},3,12,35's - 39's,31
Path 83 {74},3,20,40's - 44's,38
Path 83 {170},3,12,25's - 29's,17
Path 83 {267},3,9,45's - 49's,5
Path 83 {270},3,20,45's - 49's,4
Path 85 {0},3,9,20's - 24's,206
Path 85 {0},3,12,30's - 34's,218
Path 85 {1},3,20,10's - 14's,70
Path 85 {1},3,9,25's - 29's,251
Path 85 {2},3,20,15's - 19's,441
Path 85 {3},3,20,30's - 34's,85
Path 85 {3},3,12,40's - 44's,84
Path 85 {4},3,12,25's - 29's,51
Path 85 {5},3,9,40's - 44's,57
Path 85 {6},3,9,35's - 39's,125
Path 85 {7},3,20,20's - 24's,86
Path 85 {7},3,9,30's - 34's,152
Path 85 {10},3,12,35's - 39's,104
Path 85 {13},3,20,40's - 44's,46
Path 85 {29},3,20,35's - 39's,42
Path 85 {33},3,12,45's - 49's,15
Path 85 {37},3,9,45's - 49's,9
Path 85 {98},3,20,45's - 49's,6
Path 85 {162},3,20,25's - 29's,5
Path 86 {4},3,20,30's - 34's,56
Path 86 {4},3,9,40's - 44's,11
Path 86 {24},3,20,40's - 44's,31
Path 86 {40},3,20,25's - 29's,51
Path 86 {53},3,20,35's - 39's,40
Path 86 {88},3,20,45's - 49's,2
Path 86 {136},3,20,20's - 24's,2
Path 86 {136},3,9,35's - 39's,11
Path 86 {206},3,9,30's - 34's,4
Path 86 {555},3,12,45's - 49's,1
Path 87 {4},3,20,25's - 29's,64
Path 87 {4},3,9,40's - 44's,17
Path 87 {8},3,20,30's - 34's,52
Path 87 {24},3,20,35's - 39's,46
Path 87 {34},3,20,40's - 44's,21
Path 87 {136},3,20,20's - 24's,20
Path 87 {136},3,9,30's - 34's,10
Path 87 {139},3,9,35's - 39's,19
Path 87 {139},3,12,45's - 49's,2
Path 87 {183},3,20,45's - 49's,2
Path 87 {206},3,9,25's - 29's,1
Path 87 {206},3,12,30's - 34's,1
Path 87 {412},3,12,35's - 39's,2
Path 87 {481},3,9,45's - 49's,2
Path 88 {0},3,9,20's - 24's,204
Path 88 {0},3,12,25's - 29's,173
Path 88 {1},3,12,40's - 44's,91
Path 88 {2},3,20,15's - 19's,454
Path 88 {3},3,20,20's - 24's,121
Path 88 {3},3,9,30's - 34's,99
Path 88 {3},3,12,35's - 39's,68
Path 88 {5},3,9,35's - 39's,90
Path 88 {7},3,20,25's - 29's,90
Path 88 {14},3,9,25's - 29's,202
Path 88 {14},3,12,30's - 34's,192
Path 88 {25},3,20,30's - 34's,39
Path 88 {26},3,20,10's - 14's,30
Path 88 {29},3,12,45's - 49's,32
Path 88 {37},3,9,40's - 44's,65
Path 88 {51},3,20,35's - 39's,32
Path 88 {52},3,20,40's - 44's,40
Path 88 {61},3,9,45's - 49's,2
Path 88 {123},3,20,45's - 49's,4
Path 89 {0},3,9,30's - 34's,89
Path 89 {1},3,20,15's - 19's,270
Path 89 {3},3,20,30's - 34's,87
Path 89 {4},3,20,20's - 24's,90
Path 89 {4},3,9,25's - 29's,88
Path 89 {4},3,12,30's - 34's,61
Path 89 {6},3,20,35's - 39's,33
Path 89 {7},3,20,25's - 29's,84
Path 89 {10},3,9,45's - 49's,14
Path 89 {17},3,9,40's - 44's,30
Path 89 {21},3,20,10's - 14's,3
Path 89 {24},3,9,35's - 39's,20
Path 89 {29},3,20,45's - 49's,8
Path 89 {53},3,12,35's - 39's,32
Path 89 {57},3,9,20's - 24's,26
Path 89 {62},3,12,40's - 44's,11
Path 89 {116},3,20,40's - 44's,24
Path 89 {240},3,12,45's - 49's,2
Path 89 {284},3,12,25's - 29's,11
Path 90 {0},3,20,40's - 44's,46
Path 90 {1},3,20,20's - 24's,50
Path 90 {4},3,20,30's - 34's,72
Path 90 {4},3,9,35's - 39's,29
Path 90 {4},3,12,40's - 44's,7
Path 90 {8},3,20,25's - 29's,67
Path 90 {20},3,20,35's - 39's,48
Path 90 {21},3,20,15's - 19's,2
Path 90 {40},3,9,40's - 44's,20
Path 90 {106},3,9,45's - 49's,7
Path 90 {136},3,9,25's - 29's,4
Path 90 {136},3,12,30's - 34's,4
Path 90 {139},3,9,30's - 34's,19
Path 90 {139},3,12,35's - 39's,5
Path 90 {434},3,12,45's - 49's,3
Path 90 {604},3,20,45's - 49's,2
Path 91 {0},3,20,10's - 14's,25
Path 91 {0},3,9,25's - 29's,282
Path 91 {0},3,12,40's - 44's,35
Path 91 {2},3,20,20's - 24's,104
Path 91 {3},3,20,35's - 39's,55
Path 91 {4},3,20,15's - 19's,327
Path 91 {4},3,9,20's - 24's,82
Path 91 {4},3,12,30's - 34's,112
Path 91 {6},3,9,35's - 39's,94
Path 91 {7},3,20,30's - 34's,42
Path 91 {20},3,9,30's - 34's,105
Path 91 {20},3,12,35's - 39's,58
Path 91 {40},3,12,25's - 29's,21
Path 91 {51},3,9,45's - 49's,8
Path 91 {65},3,20,40's - 44's,26
Path 91 {86},3,9,40's - 44's,54
Path 91 {116},3,20,45's - 49's,5
Path 91 {146},3,12,45's - 49's,6
Path 91 {229},3,20,25's - 29's,3
Path 92 {0},3,20,15's - 19's,216
Path 92 {3},3,20,30's - 34's,71
Path 92 {4},3,20,20's - 24's,65
Path 92 {4},3,9,25's - 29's,70
Path 92 {4},3,12,30's - 34's,44
Path 92 {6},3,20,35's - 39's,19
Path 92 {7},3,20,25's - 29's,73
Path 92 {17},3,9,45's - 49's,19
Path 92 {20},3,9,40's - 44's,26
Path 92 {28},3,9,30's - 34's,49
Path 92 {53},3,12,40's - 44's,18
Path 92 {62},3,9,35's - 39's,13
Path 92 {65},3,20,45's - 49's,9
Path 92 {79},3,20,40's - 44's,23
Path 92 {87},3,9,20's - 24's,23
Path 92 {136},3,12,25's - 29's,13
Path 92 {156},3,12,45's - 49's,5
Path 92 {243},3,12,35's - 39's,11
Path 93 {0},3,20,40's - 44's,37
Path 93 {1},3,20,20's - 24's,41
Path 93 {4},3,20,25's - 29's,67
Path 93 {4},3,12,40's - 44's,12
Path 93 {8},3,20,30's - 34's,70
Path 93 {20},3,20,35's - 39's,35
Path 93 {35},3,20,45's - 49's,5
Path 93 {57},3,12,30's - 34's,31
Path 93 {122},3,12,45's - 49's,3
Path 93 {136},3,12,25's - 29's,5
Path 93 {136},3,9,30's - 34's,5
Path 93 {139},3,9,35's - 39's,4
Path 93 {196},3,9,40's - 44's,11
Path 93 {243},3,12,35's - 39's,11
Path 93 {434},3,9,45's - 49's,2
Path 94 {0},3,20,20's - 24's,49
Path 94 {1},3,20,15's - 19's,50
Path 94 {4},3,20,25's - 29's,73
Path 94 {4},3,9,30's - 34's,33
Path 94 {4},3,12,40's - 44's,8
Path 94 {16},3,20,30's - 34's,76
Path 94 {17},3,20,40's - 44's,29
Path 94 {23},3,20,45's - 49's,16
Path 94 {24},3,20,35's - 39's,26
Path 94 {40},3,9,40's - 44's,19
Path 94 {53},3,9,45's - 49's,6
Path 94 {57},3,9,35's - 39's,23
Path 94 {136},3,9,25's - 29's,6
Path 94 {136},3,12,35's - 39's,9
Path 94 {206},3,12,30's - 34's,2
Path 94 {742},3,12,45's - 49's,2
Path 95 {0},3,20,15's - 19's,215
Path 95 {0},3,9,45's - 49's,16
Path 95 {3},3,20,30's - 34's,66
Path 95 {4},3,20,20's - 24's,77
Path 95 {4},3,9,25's - 29's,70
Path 95 {4},3,12,35's - 39's,12
Path 95 {6},3,20,35's - 39's,26
Path 95 {7},3,20,25's - 29's,98
Path 95 {8},3,9,30's - 34's,72
Path 95 {17},3,9,40's - 44's,23
Path 95 {29},3,20,45's - 49's,12
Path 95 {40},3,12,30's - 34's,45
Path 95 {53},3,12,40's - 44's,16
Path 95 {79},3,20,40's - 44's,25
Path 95 {136},3,9,20's - 24's,14
Path 95 {136},3,12,25's - 29's,11
Path 95 {155},3,9,35's - 39's,12
Path 95 {490},3,12,45's - 49's,3
Path 95 {840},3,20,10's - 14's,1
Path 96 {1},3,20,20's - 24's,115
Path 96 {3},3,20,30's - 34's,84
Path 96 {4},3,9,25's - 29's,74
Path 96 {4},3,12,30's - 34's,43
Path 96 {5},3,20,15's - 19's,191
Path 96 {6},3,20,35's - 39's,34
Path 96 {7},3,20,25's - 29's,64
Path 96 {10},3,9,45's - 49's,14
Path 96 {20},3,9,40's - 44's,29
Path 96 {28},3,9,30's - 34's,55
Path 96 {40},3,12,40's - 44's,19
Path 96 {62},3,9,35's - 39's,9
Path 96 {65},3,20,40's - 44's,21
Path 96 {156},3,12,45's - 49's,4
Path 96 {196},3,9,20's - 24's,15
Path 96 {196},3,12,25's - 29's,12
Path 96 {225},3,12,35's - 39's,12
Path 96 {530},3,20,45's - 49's,4
Path 97 {0},3,20,15's - 19's,208
Path 97 {0},3,9,25's - 29's,104
Path 97 {3},3,20,30's - 34's,84
Path 97 {3},3,9,40's - 44's,42
Path 97 {4},3,20,20's - 24's,113
Path 97 {4},3,12,30's - 34's,92
Path 97 {7},3,20,25's - 29's,107
Path 97 {8},3,9,30's - 34's,110
Path 97 {8},3,12,35's - 39's,21
Path 97 {17},3,9,35's - 39's,38
Path 97 {17},3,12,45's - 49's,9
Path 97 {20},3,12,40's - 44's,22
Path 97 {21},3,20,10's - 14's,13
Path 97 {29},3,20,40's - 44's,32
Path 97 {33},3,20,35's - 39's,34
Path 97 {147},3,9,45's - 49's,15
Path 97 {196},3,9,20's - 24's,21
Path 97 {196},3,12,25's - 29's,15
Path 97 {235},3,20,45's - 49's,11
Path 98 {0},3,20,15's - 19's,140
Path 98 {3},3,20,30's - 34's,95
Path 98 {4},3,20,20's - 24's,104
Path 98 {4},3,9,30's - 34's,67
Path 98 {4},3,12,35's - 39's,29
Path 98 {6},3,20,40's - 44's,32
Path 98 {7},3,20,25's - 29's,72
Path 98 {20},3,9,35's - 39's,42
Path 98 {24},3,9,40's - 44's,19
Path 98 {35},3,9,45's - 49's,2
Path 98 {40},3,9,25's - 29's,52
Path 98 {41},3,20,35's - 39's,39
Path 98 {53},3,12,40's - 44's,17
Path 98 {84},3,20,45's - 49's,6
Path 98 {136},3,12,30's - 34's,30
Path 98 {206},3,9,20's - 24's,1
Path 98 {812},3,12,45's - 49's,1
Path 99 {4},3,20,40's - 44's,6
Path 99 {139},3,20,35's - 39's,2
Path 99 {206},3,20,30's - 34's,3
Path 99 {206},3,12,40's - 44's,1
Path 99 {742},3,20,45's - 49's,1
Path 100 {4},3,20,30's - 34's,61
Path 100 {4},3,9,35's - 39's,20
Path 100 {4},3,12,45's - 49's,4
Path 100 {17},3,20,40's - 44's,37
Path 100 {24},3,20,35's - 39's,38
Path 100 {40},3,20,25's - 29's,70
Path 100 {40},3,9,40's - 44's,27
Path 100 {136},3,20,20's - 24's,12
Path 100 {136},3,9,30's - 34's,11
Path 100 {139},3,12,40's - 44's,5
Path 100 {206},3,9,25's - 29's,1
Path 100 {206},3,12,30's - 34's,1
Path 100 {240},3,9,45's - 49's,2
Path 100 {272},3,12,35's - 39's,3
Path 100 {632},3,20,45's - 49's,2
Path 101 {0},3,20,15's - 19's,201
Path 101 {0},3,9,30's - 34's,93
Path 101 {3},3,20,30's - 34's,87
Path 101 {3},3,9,40's - 44's,59
Path 101 {4},3,20,20's - 24's,134
Path 101 {4},3,9,25's - 29's,86
Path 101 {4},3,12,30's - 34's,56
Path 101 {6},3,20,25's - 29's,122
Path 101 {14},3,9,35's - 39's,34
Path 101 {20},3,12,45's - 49's,6
Path 101 {24},3,12,40's - 44's,23
Path 101 {29},3,20,40's - 44's,40
Path 101 {33},3,20,35's - 39's,42
Path 101 {53},3,12,35's - 39's,38
Path 101 {95},3,20,45's - 49's,9
Path 101 {136},3,9,20's - 24's,25
Path 101 {136},3,12,25's - 29's,10
Path 101 {251},3,9,45's - 49's,12
Path 102 {0},3,20,15's - 19's,235
Path 102 {3},3,20,30's - 34's,67
Path 102 {4},3,20,20's - 24's,49
Path 102 {4},3,9,25's - 29's,66
Path 102 {4},3,12,35's - 39's,24
Path 102 {6},3,20,35's - 39's,27
Path 102 {7},3,20,25's - 29's,83
Path 102 {17},3,9,45's - 49's,13
Path 102 {28},3,9,30's - 34's,55
Path 102 {40},3,12,40's - 44's,19
Path 102 {41},3,9,40's - 44's,24
Path 102 {62},3,9,35's - 39's,12
Path 102 {79},3,20,45's - 49's,7
Path 102 {84},3,20,40's - 44's,28
Path 102 {87},3,12,30's - 34's,34
Path 102 {155},3,12,45's - 49's,3
Path 102 {196},3,9,20's - 24's,11
Path 102 {396},3,12,25's - 29's,2
Path 103 {0},3,20,15's - 19's,217
Path 103 {0},3,12,40's - 44's,22
Path 103 {3},3,20,35's - 39's,33
Path 103 {4},3,20,20's - 24's,99
Path 103 {4},3,12,25's - 29's,76
Path 103 {4},3,9,35's - 39's,60
Path 103 {7},3,20,25's - 29's,108
Path 103 {8},3,12,30's - 34's,86
Path 103 {10},3,12,45's - 49's,17
Path 103 {20},3,9,40's - 44's,25
Path 103 {24},3,12,35's - 39's,20
Path 103 {29},3,20,45's - 49's,12
Path 103 {30},3,20,40's - 44's,30
Path 103 {32},3,20,30's - 34's,56
Path 103 {40},3,9,30's - 34's,67
Path 103 {136},3,12,20's - 24's,14
Path 103 {136},3,9,25's - 29's,4
Path 103 {693},3,9,45's - 49's,3
Path 104 {0},3,20,10's - 14's,13
Path 104 {3},3,20,30's - 34's,83
Path 104 {4},3,20,20's - 24's,71
Path 104 {4},3,9,30's - 34's,54
Path 104 {4},3,12,35's - 39's,15
Path 104 {6},3,20,35's - 39's,26
Path 104 {8},3,9,25's - 29's,64
Path 104 {10},3,20,15's - 19's,226
Path 104 {20},3,20,25's - 29's,71
Path 104 {20},3,9,40's - 44's,23
Path 104 {28},3,9,35's - 39's,27
Path 104 {40},3,12,40's - 44's,18
Path 104 {57},3,12,30's - 34's,46
Path 104 {65},3,20,40's - 44's,23
Path 104 {122},3,12,45's - 49's,5
Path 104 {196},3,9,20's - 24's,7
Path 104 {196},3,12,25's - 29's,7
Path 104 {377},3,20,45's - 49's,6
Path 104 {492},3,9,45's - 49's,5
Path 105 {0},3,12,25's - 29's,253
Path 105 {0},3,9,30's - 34's,252
Path 105 {2},3,20,10's - 14's,70
Path 105 {3},3,12,20's - 24's,227
Path 105 {3},3,20,30's - 34's,79
Path 105 {3},3,9,40's - 44's,124
Path 105 {4},3,20,15's - 19's,427
Path 105 {5},3,12,35's - 39's,113
Path 105 {5},3,9,45's - 49's,18
Path 105 {7},3,20,20's - 24's,106
Path 105 {7},3,12,30's - 34's,142
Path 105 {12},3,20,40's - 44's,45
Path 105 {13},3,20,35's - 39's,69
Path 105 {18},3,9,35's - 39's,109
Path 105 {23},3,9,25's - 29's,62
Path 105 {25},3,12,40's - 44's,66
Path 105 {77},3,20,45's - 49's,9
Path 105 {83},3,20,25's - 29's,16
Path 105 {112},3,12,45's - 49's,6
Path 106 {4},3,20,30's - 34's,51
Path 106 {4},3,12,40's - 44's,17
Path 106 {40},3,20,25's - 29's,58
Path 106 {49},3,20,35's - 39's,26
Path 106 {59},3,20,40's - 44's,28
Path 106 {136},3,20,20's - 24's,5
Path 106 {136},3,12,30's - 34's,13
Path 106 {139},3,12,35's - 39's,2
Path 106 {139},3,9,40's - 44's,3
Path 106 {196},3,12,45's - 49's,6
Path 106 {206},3,12,25's - 29's,1
Path 106 {206},3,9,35's - 39's,4
Path 106 {555},3,9,45's - 49's,1
Path 106 {607},3,20,45's - 49's,2
Path 107 {4},3,20,30's - 34's,63
Path 107 {4},3,9,40's - 44's,20
Path 107 {10},3,20,45's - 49's,12
Path 107 {24},3,20,40's - 44's,30
Path 107 {40},3,20,25's - 29's,63
Path 107 {59},3,20,35's - 39's,21
Path 107 {87},3,9,45's - 49's,5
Path 107 {136},3,20,20's - 24's,6
Path 107 {136},3,9,30's - 34's,9
Path 107 {139},3,9,35's - 39's,6
Path 107 {139},3,12,40's - 44's,5
Path 107 {206},3,12,35's - 39's,1
Path 108 {0},3,20,20's - 24's,209
Path 108 {0},3,9,35's - 39's,31
Path 108 {3},3,20,30's - 34's,75
Path 108 {4},3,9,25's - 29's,78
Path 108 {4},3,12,30's - 34's,61
Path 108 {5},3,20,40's - 44's,56
Path 108 {8},3,9,30's - 34's,92
Path 108 {10},3,9,45's - 49's,22
Path 108 {14},3,20,15's - 19's,56
Path 108 {14},3,9,40's - 44's,50
Path 108 {20},3,12,45's - 49's,7
Path 108 {26},3,20,25's - 29's,131
Path 108 {53},3,12,35's - 39's,31
Path 108 {62},3,12,40's - 44's,19
Path 108 {79},3,20,35's - 39's,50
Path 108 {136},3,9,20's - 24's,4
Path 108 {136},3,12,25's - 29's,4
Path 108 {405},3,20,45's - 49's,6
Path 109 {0},3,20,10's - 14's,1
Path 109 {1},3,20,15's - 19's,204
Path 109 {3},3,20,30's - 34's,81
Path 109 {4},3,20,20's - 24's,95
Path 109 {4},3,9,30's - 34's,56
Path 109 {4},3,12,35's - 39's,27
Path 109 {6},3,20,35's - 39's,31
Path 109 {7},3,20,25's - 29's,77
Path 109 {8},3,9,25's - 29's,65
Path 109 {17},3,9,45's - 49's,9
Path 109 {20},3,9,40's - 44's,28
Path 109 {40},3,12,40's - 44's,17
Path 109 {62},3,9,35's - 39's,19
Path 109 {80},3,20,40's - 44's,24
Path 109 {82},3,20,45's - 49's,4
Path 109 {87},3,12,30's - 34's,36
Path 109 {155},3,12,45's - 49's,5
Path 109 {196},3,9,20's - 24's,11
Path 110 {0},3,20,10's - 14's,24
Path 110 {0},3,9,30's - 34's,134
Path 110 {0},3,12,45's - 49's,16
Path 110 {3},3,9,25's - 29's,262
Path 110 {3},3,20,35's - 39's,37
Path 110 {4},3,20,15's - 19's,287
Path 110 {4},3,12,30's - 34's,115
Path 110 {5},3,20,20's - 24's,88
Path 110 {7},3,20,30's - 34's,57
Path 110 {8},3,12,35's - 39's,29
Path 110 {10},3,9,35's - 39's,84
Path 110 {17},3,12,40's - 44's,33
Path 110 {33},3,20,40's - 44's,28
Path 110 {34},3,9,20's - 24's,42
Path 110 {37},3,9,40's - 44's,61
Path 110 {57},3,12,25's - 29's,23
Path 110 {111},3,9,45's - 49's,7
Path 110 {410},3,20,45's - 49's,3
Path 111 {4},3,20,30's - 34's,75
Path 111 {4},3,9,35's - 39's,12
Path 111 {10},3,20,45's - 49's,13
Path 111 {17},3,20,40's - 44's,33
Path 111 {24},3,20,35's - 39's,29
Path 111 {40},3,20,25's - 29's,67
Path 111 {40},3,9,40's - 44's,22
Path 111 {122},3,9,45's - 49's,7
Path 111 {136},3,20,20's - 24's,11
Path 111 {136},3,9,25's - 29's,3
Path 111 {139},3,12,40's - 44's,5
Path 111 {196},3,9,30's - 34's,21
Path 111 {206},3,12,35's - 39's,4
Path 111 {565},3,12,45's - 49's,1
Path 112 {0},3,20,10's - 14's,28
Path 112 {0},3,9,30's - 34's,113
Path 112 {0},3,12,35's - 39's,85
Path 112 {1},3,9,25's - 29's,130
Path 112 {3},3,20,30's - 34's,108
Path 112 {3},3,9,35's - 39's,87
Path 112 {3},3,12,40's - 44's,53
Path 112 {4},3,20,20's - 24's,119
Path 112 {4},3,12,30's - 34's,113
Path 112 {5},3,20,15's - 19's,251
Path 112 {6},3,9,40's - 44's,67
Path 112 {12},3,20,40's - 44's,37
Path 112 {22},3,20,25's - 29's,96
Path 112 {29},3,20,35's - 39's,53
Path 112 {40},3,9,20's - 24's,51
Path 112 {200},3,9,45's - 49's,10
Path 112 {335},3,12,45's - 49's,11
Path 112 {617},3,20,45's - 49's,7
Path 113 {3},3,20,30's - 34's,71
Path 113 {4},3,20,20's - 24's,92
Path 113 {4},3,9,25's - 29's,65
Path 113 {4},3,12,35's - 39's,27
Path 113 {5},3,20,15's - 19's,220
Path 113 {6},3,20,35's - 39's,39
Path 113 {7},3,20,25's - 29's,65
Path 113 {20},3,9,40's - 44's,22
Path 113 {28},3,9,35's - 39's,27
Path 113 {40},3,9,30's - 34's,46
Path 113 {40},3,12,40's - 44's,16
Path 113 {65},3,20,40's - 44's,33
Path 113 {136},3,9,20's - 24's,17
Path 113 {136},3,12,30's - 34's,41
Path 113 {155},3,12,45's - 49's,3
Path 113 {315},3,9,45's - 49's,7
Path 113 {377},3,20,45's - 49's,2
Path 114 {0},3,20,15's - 19's,145
Path 114 {3},3,20,30's - 34's,76
Path 114 {4},3,20,20's - 24's,117
Path 114 {4},3,9,30's - 34's,70
Path 114 {4},3,12,35's - 39's,21
Path 114 {6},3,20,35's - 39's,23
Path 114 {7},3,20,25's - 29's,110
Path 114 {20},3,9,35's - 39's,39
Path 114 {24},3,9,40's - 44's,18
Path 114 {29},3,20,45's - 49's,16
Path 114 {30},3,20,40's - 44's,35
Path 114 {35},3,9,45's - 49's,3
Path 114 {40},3,9,25's - 29's,52
Path 114 {40},3,12,30's - 34's,40
Path 114 {53},3,12,40's - 44's,16
Path 114 {106},3,12,45's - 49's,9
Path 114 {206},3,9,20's - 24's,1
Path 114 {206},3,12,25's - 29's,1
Path 115 {0},3,20,15's - 19's,177
Path 115 {0},3,9,30's - 34's,104
Path 115 {3},3,20,30's - 34's,93
Path 115 {3},3,9,40's - 44's,60
Path 115 {4},3,20,20's - 24's,160
Path 115 {4},3,9,25's - 29's,87
Path 115 {4},3,12,30's - 34's,64
Path 115 {6},3,20,25's - 29's,136
Path 115 {17},3,9,35's - 39's,34
Path 115 {17},3,12,45's - 49's,5
Path 115 {20},3,12,40's - 44's,29
Path 115 {29},3,20,40's - 44's,44
Path 115 {33},3,20,35's - 39's,34
Path 115 {53},3,12,35's - 39's,38
Path 115 {74},3,20,45's - 49's,9
Path 115 {136},3,9,20's - 24's,30
Path 115 {172},3,9,45's - 49's,13
Path 115 {196},3,12,25's - 29's,14
Path 115 {303},3,20,10's - 14's,3
Path 116 {0},3,20,15's - 19's,146
Path 116 {3},3,9,30's - 34's,101
Path 116 {4},3,9,20's - 24's,27
Path 116 {4},3,20,25's - 29's,11
Path 116 {4},3,12,35's - 39's,6
Path 116 {6},3,9,40's - 44's,24
Path 116 {8},3,9,25's - 29's,107
Path 116 {8},3,20,30's - 34's,42
Path 116 {23},3,20,20's - 24's,33
Path 116 {34},3,9,35's - 39's,39
Path 116 {40},3,12,40's - 44's,18
Path 116 {41},3,20,45's - 49's,7
Path 116 {62},3,20,35's - 39's,13
Path 116 {84},3,9,45's - 49's,16
Path 116 {136},3,12,25's - 29's,4
Path 116 {139},3,12,30's - 34's,25
Path 116 {193},3,20,40's - 44's,13
Path 116 {243},3,12,45's - 49's,5
Path 117 {0},3,20,10's - 14's,59
Path 117 {0},3,9,25's - 29's,160
Path 117 {0},3,12,40's - 44's,26
Path 117 {2},3,20,15's - 19's,348
Path 117 {3},3,20,25's - 29's,103
Path 117 {3},3,9,30's - 34's,90
Path 117 {4},3,9,20's - 24's,42
Path 117 {4},3,12,30's - 34's,125
Path 117 {6},3,9,40's - 44's,34
Path 117 {7},3,20,20's - 24's,108
Path 117 {10},3,9,35's - 39's,60
Path 117 {24},3,12,35's - 39's,48
Path 117 {29},3,20,35's - 39's,40
Path 117 {76},3,20,30's - 34's,46
Path 117 {79},3,9,45's - 49's,6
Path 117 {109},3,20,40's - 44's,25
Path 117 {171},3,20,45's - 49's,4
Path 117 {174},3,12,45's - 49's,5
Path 117 {412},3,12,25's - 29's,9
Path 118 {0},3,20,10's - 14's,22
Path 118 {0},3,9,30's - 34's,79
Path 118 {3},3,20,30's - 34's,72
Path 118 {3},3,9,45's - 49's,13
Path 118 {4},3,20,15's - 19's,301
Path 118 {4},3,9,25's - 29's,111
Path 118 {4},3,12,30's - 34's,79
Path 118 {7},3,20,20's - 24's,96
Path 118 {10},3,9,40's - 44's,39
Path 118 {17},3,9,35's - 39's,42
Path 118 {17},3,12,45's - 49's,8
Path 118 {20},3,12,40's - 44's,21
Path 118 {26},3,20,25's - 29's,105
Path 118 {29},3,20,40's - 44's,26
Path 118 {33},3,20,35's - 39's,17
Path 118 {40},3,9,20's - 24's,36
Path 118 {53},3,12,35's - 39's,23
Path 118 {57},3,12,25's - 29's,22
Path 118 {142},3,20,45's - 49's,8
Path 119 {0},3,20,15's - 19's,50
Path 119 {3},3,9,35's - 39's,33
Path 119 {4},3,9,20's - 24's,29
Path 119 {4},3,20,30's - 34's,36
Path 119 {4},3,12,40's - 44's,14
Path 119 {6},3,9,40's - 44's,43
Path 119 {7},3,9,30's - 34's,91
Path 119 {8},3,9,25's - 29's,110
Path 119 {14},3,20,20's - 24's,85
Path 119 {20},3,20,40's - 44's,26
Path 119 {53},3,20,35's - 39's,23
Path 119 {84},3,9,45's - 49's,20
Path 119 {87},3,12,45's - 49's,8
Path 119 {136},3,12,30's - 34's,14
Path 119 {139},3,12,35's - 39's,5
Path 119 {315},3,20,45's - 49's,3
Path 119 {387},3,20,25's - 29's,2
Path 121 {4},3,12,30's - 34's,32
Path 121 {4},3,9,35's - 39's,11
Path 121 {40},3,12,40's - 44's,21
Path 121 {40},3,9,45's - 49's,2
Path 121 {136},3,12,25's - 29's,11
Path 121 {136},3,9,30's - 34's,11
Path 121 {139},3,20,40's - 44's,4
Path 121 {206},3,12,20's - 24's,1
Path 121 {206},3,9,25's - 29's,1
Path 121 {206},3,20,35's - 39's,1
Path 121 {286},3,12,35's - 39's,5
Path 121 {286},3,9,40's - 44's,9
Path 121 {434},3,20,45's - 49's,2
Path 121 {490},3,12,45's - 49's,4
Path 122 {0},3,20,15's - 19's,108
Path 122 {0},3,9,45's - 49's,18
Path 122 {3},3,20,30's - 34's,94
Path 122 {4},3,20,20's - 24's,133
Path 122 {4},3,9,30's - 34's,78
Path 122 {4},3,12,35's - 39's,26
Path 122 {6},3,20,35's - 39's,31
Path 122 {8},3,20,25's - 29's,102
Path 122 {20},3,9,40's - 44's,28
Path 122 {29},3,20,45's - 49's,15
Path 122 {30},3,20,40's - 44's,41
Path 122 {40},3,9,25's - 29's,56
Path 122 {49},3,9,35's - 39's,22
Path 122 {53},3,12,40's - 44's,12
Path 122 {57},3,12,30's - 34's,39
Path 122 {490},3,12,45's - 49's,6
Path 123 {0},3,20,15's - 19's,172
Path 123 {0},3,9,40's - 44's,32
Path 123 {3},3,20,30's - 34's,100
Path 123 {4},3,20,20's - 24's,90
Path 123 {4},3,9,25's - 29's,70
Path 123 {4},3,12,35's - 39's,40
Path 123 {6},3,20,35's - 39's,37
Path 123 {8},3,9,30's - 34's,77
Path 123 {10},3,9,45's - 49's,25
Path 123 {15},3,20,25's - 29's,108
Path 123 {20},3,9,35's - 39's,24
Path 123 {29},3,20,45's - 49's,15
Path 123 {30},3,20,40's - 44's,36
Path 123 {57},3,12,30's - 34's,36
Path 123 {62},3,12,40's - 44's,16
Path 123 {136},3,9,20's - 24's,2
Path 123 {206},3,12,25's - 29's,1
Path 123 {451},3,12,45's - 49's,2
Path 124 {0},3,20,15's - 19's,139
Path 124 {0},3,9,45's - 49's,24
Path 124 {3},3,20,30's - 34's,90
Path 124 {4},3,20,20's - 24's,113
Path 124 {4},3,9,30's - 34's,79
Path 124 {4},3,12,35's - 39's,24
Path 124 {6},3,20,35's - 39's,26
Path 124 {7},3,20,25's - 29's,104
Path 124 {20},3,9,40's - 44's,27
Path 124 {29},3,20,45's - 49's,15
Path 124 {30},3,20,40's - 44's,40
Path 124 {40},3,9,25's - 29's,55
Path 124 {49},3,9,35's - 39's,25
Path 124 {57},3,12,30's - 34's,44
Path 124 {107},3,12,40's - 44's,11
Path 124 {136},3,9,20's - 24's,3
Path 124 {136},3,12,25's - 29's,3
Path 124 {490},3,12,45's - 49's,4
Path 125 {0},3,20,15's - 19's,245
Path 125 {0},3,9,35's - 39's,31
Path 125 {3},3,20,30's - 34's,91
Path 125 {4},3,20,20's - 24's,93
Path 125 {4},3,9,25's - 29's,84
Path 125 {4},3,12,30's - 34's,63
Path 125 {6},3,20,35's - 39's,37
Path 125 {7},3,20,25's - 29's,101
Path 125 {8},3,9,30's - 34's,86
Path 125 {10},3,9,45's - 49's,17
Path 125 {17},3,12,45's - 49's,8
Path 125 {18},3,9,40's - 44's,36
Path 125 {20},3,12,40's - 44's,17
Path 125 {29},3,20,40's - 44's,38
Path 125 {74},3,20,45's - 49's,10
Path 125 {106},3,12,35's - 39's,21
Path 125 {196},3,9,20's - 24's,23
Path 125 {196},3,12,25's - 29's,22
Path 126 {0},3,20,10's - 14's,12
Path 126 {0},3,9,30's - 34's,85
Path 126 {3},3,20,25's - 29's,93
Path 126 {3},3,9,40's - 44's,39
Path 126 {4},3,20,20's - 24's,91
Path 126 {4},3,9,25's - 29's,102
Path 126 {4},3,12,30's - 34's,88
Path 126 {5},3,20,15's - 19's,315
Path 126 {6},3,20,35's - 39's,21
Path 126 {17},3,12,45's - 49's,10
Path 126 {22},3,20,30's - 34's,65
Path 126 {24},3,9,35's - 39's,24
Path 126 {29},3,20,45's - 49's,4
Path 126 {40},3,9,20's - 24's,45
Path 126 {53},3,12,35's - 39's,11
Path 126 {57},3,12,25's - 29's,24
Path 126 {62},3,12,40's - 44's,20
Path 126 {65},3,20,40's - 44's,23
Path 126 {96},3,9,45's - 49's,15
Path 127 {4},3,20,25's - 29's,75
Path 127 {4},3,12,35's - 39's,13
Path 127 {4},3,9,40's - 44's,8
Path 127 {8},3,20,30's - 34's,65
Path 127 {10},3,20,40's - 44's,36
Path 127 {24},3,20,35's - 39's,43
Path 127 {40},3,12,40's - 44's,23
Path 127 {87},3,9,45's - 49's,4
Path 127 {122},3,12,45's - 49's,6
Path 127 {136},3,20,20's - 24's,19
Path 127 {136},3,12,25's - 29's,3
Path 127 {136},3,9,30's - 34's,2
Path 127 {139},3,12,30's - 34's,29
Path 127 {139},3,9,35's - 39's,9
Path 127 {256},3,20,45's - 49's,4
Path 128 {0},3,20,10's - 14's,22
Path 128 {0},3,12,25's - 29's,134
Path 128 {0},3,9,30's - 34's,133
Path 128 {2},3,20,15's - 19's,343
Path 128 {3},3,20,25's - 29's,108
Path 128 {3},3,12,35's - 39's,49
Path 128 {3},3,9,40's - 44's,50
Path 128 {6},3,12,40's - 44's,57
Path 128 {7},3,20,20's - 24's,106
Path 128 {7},3,12,30's - 34's,105
Path 128 {16},3,9,35's - 39's,74
Path 128 {18},3,9,45's - 49's,18
Path 128 {29},3,20,30's - 34's,55
Path 128 {37},3,20,35's - 39's,30
Path 128 {74},3,20,40's - 44's,42
Path 128 {119},3,12,45's - 49's,15
Path 128 {139},3,12,20's - 24's,30
Path 128 {139},3,9,25's - 29's,30
Path 128 {235},3,20,45's - 49's,6
Path 129 {0},3,20,20's - 24's,128
Path 129 {3},3,9,35's - 39's,73
Path 129 {4},3,9,20's - 24's,24
Path 129 {4},3,20,30's - 34's,25
Path 129 {4},3,12,40's - 44's,12
Path 129 {6},3,9,40's - 44's,44
Path 129 {7},3,9,30's - 34's,70
Path 129 {8},3,9,25's - 29's,80
Path 129 {20},3,20,40's - 44's,23
Path 129 {21},3,20,15's - 19's,47
Path 129 {28},3,20,35's - 39's,18
Path 129 {87},3,12,45's - 49's,7
Path 129 {134},3,9,45's - 49's,2
Path 129 {136},3,12,30's - 34's,7
Path 129 {139},3,12,35's - 39's,18
Path 130 {0},3,20,15's - 19's,241
Path 130 {0},3,9,30's - 34's,78
Path 130 {3},3,20,35's - 39's,46
Path 130 {4},3,20,20's - 24's,103
Path 130 {4},3,9,25's - 29's,87
Path 130 {4},3,12,35's - 39's,47
Path 130 {6},3,20,30's - 34's,109
Path 130 {16},3,9,35's - 39's,52
Path 130 {17},3,9,40's - 44's,35
Path 130 {20},3,12,45's - 49's,4
Path 130 {22},3,20,45's - 49's,7
Path 130 {26},3,20,25's - 29's,72
Path 130 {29},3,20,40's - 44's,36
Path 130 {40},3,12,30's - 34's,59
Path 130 {49},3,12,40's - 44's,14
Path 130 {196},3,9,20's - 24's,10
Path 130 {442},3,9,45's - 49's,7
Path 131 {4},3,20,25's - 29's,70
Path 131 {4},3,9,35's - 39's,10
Path 131 {8},3,20,30's - 34's,69
Path 131 {10},3,20,45's - 49's,10
Path 131 {17},3,20,40's - 44's,32
Path 131 {24},3,20,35's - 39's,23
Path 131 {40},3,9,40's - 44's,23
Path 131 {122},3,9,45's - 49's,8
Path 131 {136},3,20,20's - 24's,27
Path 131 {136},3,9,25's - 29's,3
Path 131 {139},3,9,30's - 34's,24
Path 131 {139},3,12,40's - 44's,4
Path 131 {206},3,12,35's - 39's,3
Path 131 {565},3,12,45's - 49's,1
Path 132 {0},3,20,10's - 14's,85
Path 132 {0},3,9,25's - 29's,202
Path 132 {0},3,12,35's - 39's,45
Path 132 {3},3,20,25's - 29's,90
Path 132 {3},3,9,30's - 34's,115
Path 132 {3},3,12,40's - 44's,56
Path 132 {4},3,12,30's - 34's,156
Path 132 {5},3,20,15's - 19's,376
Path 132 {6},3,9,35's - 39's,68
Path 132 {6},3,12,45's - 49's,19
Path 132 {8},3,9,20's - 24's,74
Path 132 {8},3,12,25's - 29's,55
Path 132 {19},3,20,45's - 49's,11
Path 132 {21},3,9,40's - 44's,48
Path 132 {22},3,20,20's - 24's,118
Path 132 {29},3,9,45's - 49's,17
Path 132 {30},3,20,30's - 34's,78
Path 132 {51},3,20,40's - 44's,23
Path 132 {73},3,20,35's - 39's,33
Path 133 {0},3,12,35's - 39's,31
Path 133 {0},3,9,40's - 44's,36
Path 133 {1},3,20,20's - 24's,227
Path 133 {3},3,20,30's - 34's,107
Path 133 {3},3,12,45's - 49's,19
Path 133 {4},3,20,25's - 29's,121
Path 133 {4},3,12,30's - 34's,106
Path 133 {4},3,9,35's - 39's,75
Path 133 {6},3,20,35's - 39's,60
Path 133 {14},3,20,15's - 19's,25
Path 133 {18},3,12,40's - 44's,40
Path 133 {29},3,20,40's - 44's,45
Path 133 {34},3,9,45's - 49's,6
Path 133 {40},3,12,25's - 29's,84
Path 133 {40},3,9,30's - 34's,84
Path 133 {82},3,20,45's - 49's,6
Path 133 {396},3,12,20's - 24's,5
Path 133 {396},3,9,25's - 29's,5
Path 134 {4},3,20,25's - 29's,68
Path 134 {4},3,9,35's - 39's,10
Path 134 {8},3,20,30's - 34's,69
Path 134 {10},3,20,45's - 49's,13
Path 134 {17},3,20,40's - 44's,32
Path 134 {24},3,20,35's - 39's,24
Path 134 {40},3,9,40's - 44's,25
Path 134 {122},3,9,45's - 49's,7
Path 134 {136},3,20,20's - 24's,25
Path 134 {136},3,9,25's - 29's,3
Path 134 {139},3,9,30's - 34's,22
Path 134 {139},3,12,40's - 44's,5
Path 134 {206},3,12,35's - 39's,3
Path 134 {565},3,12,45's - 49's,1
Path 135 {0},3,20,15's - 19's,54
Path 135 {3},3,20,30's - 34's,104
Path 135 {4},3,20,20's - 24's,133
Path 135 {4},3,9,30's - 34's,57
Path 135 {4},3,12,35's - 39's,15
Path 135 {6},3,20,40's - 44's,37
Path 135 {8},3,9,35's - 39's,44
Path 135 {15},3,20,25's - 29's,78
Path 135 {30},3,20,45's - 49's,18
Path 135 {32},3,20,35's - 39's,35
Path 135 {136},3,9,25's - 29's,28
Path 135 {136},3,12,30's - 34's,24
Path 135 {149},3,9,40's - 44's,16
Path 135 {243},3,12,40's - 44's,18
Path 135 {250},3,12,45's - 49's,3
Path 135 {492},3,9,45's - 49's,7
Path 136 {0},3,20,10's - 14's,13
Path 136 {0},3,9,30's - 34's,87
Path 136 {3},3,20,30's - 34's,84
Path 136 {3},3,9,40's - 44's,41
Path 136 {4},3,20,20's - 24's,105
Path 136 {4},3,9,25's - 29's,108
Path 136 {4},3,12,30's - 34's,83
Path 136 {5},3,20,15's - 19's,275
Path 136 {6},3,20,35's - 39's,38
Path 136 {7},3,20,25's - 29's,80
Path 136 {28},3,12,35's - 39's,33
Path 136 {29},3,20,40's - 44's,19
Path 136 {35},3,9,35's - 39's,23
Path 136 {57},3,9,20's - 24's,35
Path 136 {57},3,12,25's - 29's,13
Path 136 {82},3,20,45's - 49's,4
Path 136 {147},3,9,45's - 49's,9
Path 136 {175},3,12,40's - 44's,10
Path 136 {189},3,12,45's - 49's,3
Path 137 {0},3,20,15's - 19's,295
Path 137 {0},3,9,30's - 34's,76
Path 137 {3},3,20,30's - 34's,103
Path 137 {3},3,9,45's - 49's,9
Path 137 {4},3,20,20's - 24's,98
Path 137 {4},3,9,25's - 29's,96
Path 137 {4},3,12,30's - 34's,64
Path 137 {6},3,20,25's - 29's,87
Path 137 {8},3,12,35's - 39's,52
Path 137 {10},3,9,40's - 44's,59
Path 137 {16},3,9,35's - 39's,58
Path 137 {20},3,12,40's - 44's,27
Path 137 {29},3,20,35's - 39's,36
Path 137 {37},3,20,40's - 44's,40
Path 137 {173},3,20,45's - 49's,8
Path 137 {333},3,12,45's - 49's,6
Path 137 {368},3,9,20's - 24's,14
Path 138 {0},3,20,15's - 19's,16
Path 138 {4},3,20,25's - 29's,79
Path 138 {4},3,9,35's - 39's,25
Path 138 {4},3,12,40's - 44's,4
Path 138 {10},3,20,40's - 44's,40
Path 138 {14},3,20,30's - 34's,76
Path 138 {16},3,20,35's - 39's,25
Path 138 {27},3,20,45's - 49's,12
Path 138 {40},3,9,40's - 44's,20
Path 138 {57},3,20,20's - 24's,45
Path 138 {122},3,9,45's - 49's,8
Path 138 {136},3,9,25's - 29's,4
Path 138 {136},3,12,35's - 39's,9
Path 138 {139},3,9,30's - 34's,22
Path 138 {286},3,12,45's - 49's,6
Path 139 {4},3,12,30's - 34's,21
Path 139 {4},3,9,40's - 44's,14
Path 139 {40},3,12,35's - 39's,16
Path 139 {138},3,12,40's - 44's,19
Path 139 {139},3,9,35's - 39's,9
Path 139 {139},3,20,40's - 44's,2
Path 139 {206},3,12,25's - 29's,6
Path 139 {206},3,9,30's - 34's,3
Path 139 {206},3,20,35's - 39's,1
Path 139 {250},3,12,45's - 49's,3
Path 139 {272},3,20,45's - 49's,1
Path 140 {0},3,20,10's - 14's,24
Path 140 {0},3,9,30's - 34's,115
Path 140 {0},3,12,35's - 39's,73
Path 140 {2},3,20,20's - 24's,130
Path 140 {3},3,20,25's - 29's,114
Path 140 {3},3,9,35's - 39's,70
Path 140 {4},3,20,15's - 19's,275
Path 140 {4},3,9,20's - 24's,24
Path 140 {4},3,12,30's - 34's,102
Path 140 {6},3,9,40's - 44's,45
Path 140 {17},3,12,40's - 44's,25
Path 140 {22},3,20,30's - 34's,74
Path 140 {28},3,9,25's - 29's,131
Path 140 {29},3,20,35's - 39's,36
Path 140 {34},3,12,45's - 49's,10
Path 140 {82},3,20,40's - 44's,29
Path 140 {86},3,20,45's - 49's,4
Path 140 {176},3,9,45's - 49's,8
Path 141 {0},3,20,20's - 24's,137
Path 141 {3},3,9,35's - 39's,36
Path 141 {4},3,9,20's - 24's,37
Path 141 {4},3,12,40's - 44's,17
Path 141 {6},3,9,40's - 44's,43
Path 141 {7},3,9,25's - 29's,80
Path 141 {8},3,20,30's - 34's,23
Path 141 {14},3,20,15's - 19's,46
Path 141 {20},3,9,30's - 34's,93
Path 141 {20},3,20,40's - 44's,23
Path 141 {53},3,20,35's - 39's,15
Path 141 {53},3,12,45's - 49's,9
Path 141 {84},3,9,45's - 49's,18
Path 141 {136},3,12,30's - 34's,21
Path 141 {424},3,12,35's - 39's,4
Path 142 {0},3,20,15's - 19's,34
Path 142 {1},3,20,20's - 24's,176
Path 142 {3},3,20,30's - 34's,98
Path 142 {4},3,9,30's - 34's,63
Path 142 {4},3,12,35's - 39's,11
Path 142 {6},3,20,40's - 44's,33
Path 142 {8},3,20,25's - 29's,89
Path 142 {17},3,9,45's - 49's,12
Path 142 {26},3,20,35's - 39's,29
Path 142 {40},3,9,25's - 29's,60
Path 142 {40},3,12,40's - 44's,22
Path 142 {53},3,9,35's - 39's,11
Path 142 {62},3,9,40's - 44's,27
Path 142 {84},3,20,45's - 49's,6
Path 142 {87},3,12,30's - 34's,34
Path 142 {155},3,12,45's - 49's,5
Path 142 {396},3,9,20's - 24's,3
Path 142 {396},3,12,25's - 29's,2
Path 143 {0},3,9,25's - 29's,135
Path 143 {0},3,12,35's - 39's,52
Path 143 {2},3,20,20's - 24's,154
Path 143 {3},3,20,25's - 29's,119
Path 143 {3},3,9,30's - 34's,107
Path 143 {4},3,20,15's - 19's,269
Path 143 {4},3,9,20's - 24's,77
Path 143 {4},3,12,30's - 34's,119
Path 143 {6},3,9,40's - 44's,36
Path 143 {10},3,9,35's - 39's,58
Path 143 {17},3,12,40's - 44's,23
Path 143 {22},3,20,30's - 34's,67
Path 143 {34},3,12,45's - 49's,9
Path 143 {37},3,20,40's - 44's,30
Path 143 {57},3,12,25's - 29's,15
Path 143 {74},3,20,35's - 39's,39
Path 143 {79},3,9,45's - 49's,6
Path 143 {86},3,20,45's - 49's,4
Path 143 {124},3,20,10's - 14's,10
Path 144 {0},3,20,10's - 14's,20
Path 144 {0},3,12,25's - 29's,109
Path 144 {0},3,9,35's - 39's,64
Path 144 {3},3,20,30's - 34's,67
Path 144 {3},3,12,40's - 44's,40
Path 144 {4},3,20,20's - 24's,110
Path 144 {4},3,9,30's - 34's,108
Path 144 {5},3,20,15's - 19's,252
Path 144 {6},3,20,25's - 29's,138
Path 144 {8},3,12,30's - 34's,107
Path 144 {17},3,12,35's - 39's,39
Path 144 {17},3,9,40's - 44's,39
Path 144 {29},3,20,35's - 39's,33
Path 144 {37},3,20,40's - 44's,29
Path 144 {40},3,12,20's - 24's,39
Path 144 {40},3,9,25's - 29's,22
Path 144 {81},3,20,45's - 49's,10
Path 144 {119},3,12,45's - 49's,12
Path 144 {256},3,9,45's - 49's,5
Path 145 {0},3,20,10's - 14's,45
Path 145 {4},3,20,20's - 24's,82
Path 145 {4},3,9,30's - 34's,75
Path 145 {4},3,12,35's - 39's,31
Path 145 {5},3,20,15's - 19's,237
Path 145 {6},3,20,35's - 39's,34
Path 145 {7},3,20,25's - 29's,50
Path 145 {10},3,9,45's - 49's,15
Path 145 {17},3,9,40's - 44's,31
Path 145 {40},3,9,25's - 29's,44
Path 145 {57},3,12,30's - 34's,31
Path 145 {59},3,9,35's - 39's,17
Path 145 {65},3,20,40's - 44's,21
Path 145 {69},3,20,30's - 34's,48
Path 145 {82},3,20,45's - 49's,2
Path 145 {87},3,9,20's - 24's,36
Path 145 {106},3,12,40's - 44's,22
Path 145 {122},3,12,45's - 49's,6
Path 145 {136},3,12,25's - 29's,16
Path 146 {0},3,9,25's - 29's,250
Path 146 {0},3,12,45's - 49's,16
Path 146 {2},3,20,20's - 24's,140
Path 146 {3},3,20,30's - 34's,53
Path 146 {4},3,20,15's - 19's,295
Path 146 {4},3,9,20's - 24's,123
Path 146 {4},3,12,25's - 29's,66
Path 146 {6},3,9,40's - 44's,43
Path 146 {7},3,20,25's - 29's,5
Path 146 {8},3,12,30's - 34's,107
Path 146 {10},3,9,35's - 39's,81
Path 146 {17},3,12,40's - 44's,29
Path 146 {23},3,9,30's - 34's,109
Path 146 {24},3,12,35's - 39's,23
Path 146 {47},3,20,35's - 39's,34
Path 146 {65},3,20,40's - 44's,18
Path 146 {102},3,9,45's - 49's,8
Path 146 {381},3,20,45's - 49's,5
Path 146 {753},3,20,10's - 14's,1
Path 147 {0},3,20,20's - 24's,137
Path 147 {3},3,20,35's - 39's,48
Path 147 {4},3,12,25's - 29's,57
Path 147 {4},3,9,35's - 39's,33
Path 147 {6},3,20,40's - 44's,36
Path 147 {7},3,20,25's - 29's,63
Path 147 {8},3,12,30's - 34's,46
Path 147 {10},3,20,15's - 19's,34
Path 147 {20},3,20,30's - 34's,94
Path 147 {41},3,12,45's - 49's,7
Path 147 {53},3,12,35's - 39's,16
Path 147 {53},3,9,40's - 44's,15
Path 147 {62},3,12,40's - 44's,23
Path 147 {87},3,9,30's - 34's,43
Path 147 {136},3,12,20's - 24's,3
Path 147 {136},3,9,25's - 29's,1
Path 147 {189},3,9,45's - 49's,2
Path 147 {367},3,20,45's - 49's,4
Path 149 {0},3,20,10's - 14's,114
Path 149 {0},3,9,20's - 24's,42
Path 149 {0},3,12,30's - 34's,234
Path 149 {3},3,9,35's - 39's,105
Path 149 {3},3,12,40's - 44's,78
Path 149 {5},3,20,15's - 19's,364
Path 149 {5},3,9,40's - 44's,65
Path 149 {7},3,20,25's - 29's,77
Path 149 {7},3,9,30's - 34's,117
Path 149 {8},3,9,25's - 29's,237
Path 149 {10},3,12,35's - 39's,109
Path 149 {12},3,20,40's - 44's,43
Path 149 {13},3,20,30's - 34's,68
Path 149 {22},3,20,20's - 24's,71
Path 149 {22},3,9,45's - 49's,18
Path 149 {52},3,20,45's - 49's,7
Path 149 {117},3,20,35's - 39's,32
Path 149 {119},3,12,45's - 49's,19
Path 150 {0},3,20,10's - 14's,12
Path 150 {0},3,12,40's - 44's,35
Path 150 {3},3,20,30's - 34's,85
Path 150 {4},3,20,20's - 24's,120
Path 150 {4},3,12,25's - 29's,97
Path 150 {4},3,9,30's - 34's,89
Path 150 {5},3,20,15's - 19's,266
Path 150 {6},3,20,35's - 39's,27
Path 150 {8},3,9,35's - 39's,64
Path 150 {10},3,12,45's - 49's,9
Path 150 {16},3,12,30's - 34's,83
Path 150 {20},3,12,35's - 39's,41
Path 150 {20},3,9,40's - 44's,36
Path 150 {26},3,20,25's - 29's,71
Path 150 {29},3,20,40's - 44's,23
Path 150 {57},3,12,20's - 24's,15
Path 150 {81},3,20,45's - 49's,10
Path 150 {193},3,9,45's - 49's,4
Path 151 {0},3,20,10's - 14's,17
Path 151 {0},3,9,40's - 44's,44
Path 151 {3},3,20,30's - 34's,84
Path 151 {3},3,9,35's - 39's,20
Path 151 {4},3,20,20's - 24's,107
Path 151 {4},3,9,25's - 29's,113
Path 151 {4},3,12,30's - 34's,100
Path 151 {5},3,20,15's - 19's,268
Path 151 {7},3,20,25's - 29's,101
Path 151 {7},3,9,30's - 34's,106
Path 151 {8},3,12,35's - 39's,20
Path 151 {20},3,12,40's - 44's,17
Path 151 {29},3,20,40's - 44's,28
Path 151 {33},3,20,35's - 39's,27
Path 151 {40},3,9,20's - 24's,39
Path 151 {41},3,12,45's - 49's,4
Path 151 {82},3,20,45's - 49's,3
Path 151 {139},3,12,25's - 29's,22
Path 151 {442},3,9,45's - 49's,11
Path 152 {0},3,20,10's - 14's,38
Path 152 {0},3,9,40's - 44's,35
Path 152 {3},3,20,30's - 34's,92
Path 152 {3},3,9,35's - 39's,32
Path 152 {4},3,20,20's - 24's,107
Path 152 {4},3,9,25's - 29's,118
Path 152 {4},3,12,30's - 34's,98
Path 152 {5},3,20,15's - 19's,270
Path 152 {7},3,9,30's - 34's,100
Path 152 {8},3,20,25's - 29's,82
Path 152 {8},3,12,35's - 39's,16
Path 152 {17},3,12,45's - 49's,8
Path 152 {20},3,12,40's - 44's,18
Path 152 {29},3,20,40's - 44's,21
Path 152 {40},3,9,20's - 24's,37
Path 152 {40},3,12,25's - 29's,26
Path 152 {84},3,20,35's - 39's,24
Path 152 {267},3,9,45's - 49's,13
Path 152 {277},3,20,45's - 49's,14
Path 153 {0},3,20,10's - 14's,14
Path 153 {0},3,9,40's - 44's,39
Path 153 {3},3,20,25's - 29's,65
Path 153 {4},3,20,20's - 24's,102
Path 153 {4},3,9,25's - 29's,106
Path 153 {4},3,12,30's - 34's,78
Path 153 {5},3,20,15's - 19's,287
Path 153 {7},3,9,30's - 34's,70
Path 153 {17},3,12,45's - 49's,11
Path 153 {22},3,20,30's - 34's,79
Path 153 {29},3,20,45's - 49's,14
Path 153 {41},3,9,35's - 39's,19
Path 153 {53},3,12,35's - 39's,11
Path 153 {57},3,9,20's - 24's,37
Path 153 {57},3,12,25's - 29's,21
Path 153 {65},3,20,40's - 44's,20
Path 153 {79},3,20,35's - 39's,24
Path 153 {96},3,9,45's - 49's,9
Path 153 {107},3,12,40's - 44's,21
Path 154 {0},3,20,15's - 19's,30
Path 154 {3},3,20,40's - 44's,45
Path 154 {4},3,20,25's - 29's,75
Path 154 {4},3,9,35's - 39's,22
Path 154 {7},3,20,30's - 34's,82
Path 154 {35},3,20,35's - 39's,29
Path 154 {40},3,20,20's - 24's,55
Path 154 {40},3,9,40's - 44's,22
Path 154 {96},3,20,45's - 49's,9
Path 154 {122},3,9,45's - 49's,3
Path 154 {136},3,9,25's - 29's,9
Path 154 {136},3,12,35's - 39's,7
Path 154 {139},3,9,30's - 34's,26
Path 154 {196},3,12,40's - 44's,5
Path 154 {413},3,12,30's - 34's,1
Path 155 {1},3,20,20's - 24's,100
Path 155 {3},3,20,30's - 34's,70
Path 155 {4},3,9,25's - 29's,73
Path 155 {4},3,12,35's - 39's,22
Path 155 {5},3,20,15's - 19's,210
Path 155 {6},3,20,35's - 39's,47
Path 155 {7},3,20,25's - 29's,66
Path 155 {10},3,9,45's - 49's,18
Path 155 {20},3,9,40's - 44's,26
Path 155 {28},3,9,30's - 34's,46
Path 155 {53},3,12,40's - 44's,22
Path 155 {57},3,12,30's - 34's,39
Path 155 {62},3,9,35's - 39's,17
Path 155 {79},3,20,40's - 44's,22
Path 155 {196},3,9,20's - 24's,19
Path 155 {196},3,12,25's - 29's,5
Path 155 {377},3,20,45's - 49's,2
Path 155 {691},3,12,45's - 49's,1
Path 156 {0},3,20,10's - 14's,13
Path 156 {0},3,9,40's - 44's,35
Path 156 {3},3,20,25's - 29's,107
Path 156 {4},3,20,15's - 19's,271
Path 156 {4},3,9,20's - 24's,40
Path 156 {4},3,12,30's - 34's,86
Path 156 {5},3,20,20's - 24's,108
Path 156 {6},3,20,35's - 39's,28
Path 156 {7},3,9,30's - 34's,84
Path 156 {8},3,9,25's - 29's,108
Path 156 {18},3,9,35's - 39's,25
Path 156 {22},3,20,30's - 34's,64
Path 156 {28},3,12,35's - 39's,25
Path 156 {29},3,20,40's - 44's,25
Path 156 {66},3,20,45's - 49's,13
Path 156 {96},3,9,45's - 49's,12
Path 156 {155},3,12,40's - 44's,12
Path 156 {156},3,12,45's - 49's,5
Path 156 {272},3,12,25's - 29's,10
Path 157 {0},3,9,40's - 44's,42
Path 157 {3},3,20,25's - 29's,76
Path 157 {4},3,20,20's - 24's,160
Path 157 {4},3,9,25's - 29's,108
Path 157 {4},3,12,30's - 34's,83
Path 157 {6},3,20,35's - 39's,24
Path 157 {10},3,20,15's - 19's,193
Path 157 {10},3,9,45's - 49's,3
Path 157 {20},3,9,35's - 39's,32
Path 157 {26},3,20,30's - 34's,69
Path 157 {28},3,9,30's - 34's,68
Path 157 {31},3,20,40's - 44's,22
Path 157 {53},3,12,35's - 39's,13
Path 157 {57},3,9,20's - 24's,15
Path 157 {57},3,12,25's - 29's,12
Path 157 {62},3,12,45's - 49's,6
Path 157 {66},3,20,45's - 49's,4
Path 157 {107},3,12,40's - 44's,22
Path 157 {466},3,20,10's - 14's,2
Path 158 {0},3,20,15's - 19's,218
Path 158 {3},3,20,30's - 34's,75
Path 158 {4},3,20,20's - 24's,44
Path 158 {4},3,9,30's - 34's,48
Path 158 {4},3,12,35's - 39's,16
Path 158 {6},3,20,35's - 39's,27
Path 158 {7},3,20,25's - 29's,78
Path 158 {20},3,9,40's - 44's,26
Path 158 {28},3,9,35's - 39's,24
Path 158 {40},3,12,40's - 44's,25
Path 158 {65},3,20,40's - 44's,30
Path 158 {79},3,20,45's - 49's,4
Path 158 {87},3,9,25's - 29's,53
Path 158 {122},3,12,45's - 49's,2
Path 158 {136},3,12,30's - 34's,32
Path 158 {396},3,9,20's - 24's,3
Path 158 {413},3,12,25's - 29's,2
Path 158 {523},3,9,45's - 49's,4
Path 158 {599},3,20,10's - 14's,1
Path 159 {4},3,12,35's - 39's,28
Path 159 {4},3,20,40's - 44's,21
Path 159 {40},3,12,40's - 44's,13
Path 159 {122},3,12,45's - 49's,4
Path 159 {136},3,12,30's - 34's,22
Path 159 {136},3,20,35's - 39's,8
Path 159 {206},3,12,25's - 29's,1
Path 159 {206},3,20,30's - 34's,1
Path 159 {206},3,9,35's - 39's,1
Path 159 {412},3,9,40's - 44's,1
Path 159 {424},3,9,45's - 49's,1
Path 159 {742},3,20,45's - 49's,2
Path 160 {0},3,9,30's - 34's,114
Path 160 {0},3,12,40's - 44's,53
Path 160 {3},3,20,25's - 29's,92
Path 160 {3},3,9,35's - 39's,70
Path 160 {4},3,20,15's - 19's,292
Path 160 {4},3,9,25's - 29's,116
Path 160 {4},3,12,30's - 34's,105
Path 160 {6},3,9,40's - 44's,59
Path 160 {7},3,20,20's - 24's,131
Path 160 {10},3,12,45's - 49's,18
Path 160 {21},3,20,10's - 14's,10
Path 160 {24},3,12,35's - 39's,34
Path 160 {29},3,20,30's - 34's,62
Path 160 {37},3,20,35's - 39's,53
Path 160 {57},3,9,20's - 24's,25
Path 160 {57},3,12,25's - 29's,18
Path 160 {73},3,20,40's - 44's,31
Path 160 {80},3,9,45's - 49's,10
Path 160 {98},3,20,45's - 49's,7
Path 161 {0},3,20,10's - 14's,3
Path 161 {1},3,20,15's - 19's,262
Path 161 {3},3,20,30's - 34's,76
Path 161 {4},3,20,20's - 24's,58
Path 161 {4},3,9,25's - 29's,70
Path 161 {4},3,12,35's - 39's,21
Path 161 {6},3,20,35's - 39's,20
Path 161 {7},3,20,25's - 29's,77
Path 161 {10},3,9,45's - 49's,17
Path 161 {20},3,9,40's - 44's,26
Path 161 {28},3,9,30's - 34's,55
Path 161 {53},3,12,40's - 44's,18
Path 161 {57},3,12,30's - 34's,43
Path 161 {62},3,9,35's - 39's,14
Path 161 {65},3,20,45's - 49's,13
Path 161 {79},3,20,40's - 44's,27
Path 161 {87},3,9,20's - 24's,21
Path 161 {240},3,12,45's - 49's,2
Path 161 {396},3,12,25's - 29's,5
Path 162 {0},3,20,15's - 19's,90
Path 162 {3},3,20,30's - 34's,78
Path 162 {4},3,20,20's - 24's,112
Path 162 {4},3,12,30's - 34's,23
Path 162 {4},3,9,40's - 44's,41
Path 162 {6},3,20,40's - 44's,17
Path 162 {8},3,20,25's - 29's,112
Path 162 {28},3,12,35's - 39's,34
Path 162 {53},3,12,40's - 44's,17
Path 162 {57},3,9,35's - 39's,38
Path 162 {84},3,20,45's - 49's,9
Path 162 {96},3,20,35's - 39's,19
Path 162 {136},3,9,30's - 34's,4
Path 162 {175},3,12,45's - 49's,4
Path 162 {196},3,12,25's - 29's,18
Path 162 {286},3,9,45's - 49's,5
Path 163 {4},3,20,25's - 29's,67
Path 163 {4},3,12,40's - 44's,23
Path 163 {4},3,9,45's - 49's,4
Path 163 {8},3,20,30's - 34's,56
Path 163 {24},3,20,35's - 39's,31
Path 163 {88},3,20,45's - 49's,4
Path 163 {136},3,20,20's - 24's,23
Path 163 {136},3,12,35's - 39's,12
Path 163 {139},3,9,40's - 44's,6
Path 163 {155},3,20,40's - 44's,21
Path 163 {206},3,12,25's - 29's,1
Path 163 {206},3,9,35's - 39's,5
Path 163 {240},3,12,45's - 49's,4
Path 163 {412},3,12,30's - 34's,4
Path 164 {1},3,20,20's - 24's,100
Path 164 {3},3,20,30's - 34's,79
Path 164 {4},3,9,25's - 29's,69
Path 164 {4},3,12,30's - 34's,50
Path 164 {5},3,20,15's - 19's,207
Path 164 {6},3,20,35's - 39's,41
Path 164 {7},3,20,25's - 29's,65
Path 164 {20},3,9,40's - 44's,20
Path 164 {28},3,9,35's - 39's,31
Path 164 {34},3,9,45's - 49's,7
Path 164 {40},3,9,30's - 34's,49
Path 164 {40},3,12,40's - 44's,20
Path 164 {53},3,12,35's - 39's,12
Path 164 {65},3,20,40's - 44's,23
Path 164 {122},3,12,45's - 49's,5
Path 164 {196},3,9,20's - 24's,8
Path 164 {196},3,12,25's - 29's,5
Path 164 {502},3,20,45's - 49's,2
Path 165 {0},3,20,20's - 24's,105
Path 165 {3},3,20,30's - 34's,72
Path 165 {4},3,9,30's - 34's,47
Path 165 {4},3,12,35's - 39's,26
Path 165 {5},3,20,15's - 19's,202
Path 165 {6},3,20,35's - 39's,40
Path 165 {7},3,20,25's - 29's,69
Path 165 {20},3,9,40's - 44's,25
Path 165 {24},3,9,45's - 49's,7
Path 165 {28},3,9,35's - 39's,25
Path 165 {40},3,12,40's - 44's,20
Path 165 {57},3,9,25's - 29's,65
Path 165 {84},3,20,40's - 44's,23
Path 165 {139},3,12,30's - 34's,31
Path 165 {155},3,12,45's - 49's,3
Path 165 {196},3,9,20's - 24's,7
Path 165 {377},3,20,45's - 49's,1
Path 166 {0},3,20,15's - 19's,72
Path 166 {0},3,9,45's - 49's,16
Path 166 {3},3,20,35's - 39's,38
Path 166 {4},3,20,20's - 24's,172
Path 166 {4},3,9,30's - 34's,89
Path 166 {4},3,12,40's - 44's,16
Path 166 {6},3,20,40's - 44's,40
Path 166 {7},3,20,25's - 29's,88
Path 166 {20},3,9,40's - 44's,24
Path 166 {40},3,12,35's - 39's,35
Path 166 {42},3,20,30's - 34's,58
Path 166 {53},3,12,45's - 49's,2
Path 166 {57},3,9,25's - 29's,31
Path 166 {62},3,9,35's - 39's,28
Path 166 {79},3,20,45's - 49's,11
Path 166 {136},3,12,30's - 34's,10
Path 167 {0},3,20,10's - 14's,81
Path 167 {0},3,9,25's - 29's,144
Path 167 {0},3,12,35's - 39's,52
Path 167 {3},3,20,30's - 34's,76
Path 167 {3},3,9,35's - 39's,62
Path 167 {4},3,20,20's - 24's,121
Path 167 {4},3,12,30's - 34's,102
Path 167 {5},3,20,15's - 19's,263
Path 167 {7},3,20,25's - 29's,112
Path 167 {7},3,9,30's - 34's,100
Path 167 {10},3,12,45's - 49's,10
Path 167 {17},3,12,40's - 44's,45
Path 167 {21},3,9,45's - 49's,13
Path 167 {31},3,20,35's - 39's,43
Path 167 {40},3,9,20's - 24's,56
Path 167 {40},3,12,25's - 29's,24
Path 167 {74},3,20,40's - 44's,40
Path 167 {79},3,9,40's - 44's,53
Path 167 {166},3,20,45's - 49's,4
