NPC,REL,RF,PFC,WCC,UC
123.574311,0.978,0.185067,1.239711,0.001961,61.62913
83.948572,0.958,0.152289,0.684312,0.879618,1559.641172
58.271134,0.989,0.000289,1.115099,1.888886,685.302384
175.23507,0.983,0.213978,1.060921,0.000697,10.162897
72.910637,0.983,0.776956,0.546299,0.698997,23.752078
188.347393,0.993,0.014844,0.368164,0.045533,217.580552
50.115157,0.898,0.022489,0.930827,2.752333,24.802793
80.373495,0.957,0.169511,0.598042,1.042371,847.631746
50.490538,0.972,0.165978,0.633624,0.925311,22.444593
108.540692,0.977,0,0.391163,0.023329,10.17789
121.674452,0.988,0.045711,0.401239,0.089954,76.416762
47.556835,0.943,0.316067,0.32996,8.784183,116.044123
74.284327,0.987,0.876178,0.343512,1.424733,1.178741
70.409389,0.966,0.611578,0.264989,9.627782,1.31501
39.17257,0.931,0.057822,0.708322,2.566983,17.01356
152.627556,0.989,0.063511,0.452007,0.005034,20.319406
92.853284,0.994,0.066644,0.922047,0.0313,19.92229
143.097602,0.986,0.000667,0.444414,0.078637,130.099659
49.671952,0.99,0.4272,0.884887,2.015178,7.980159
71.919362,0.968,0.059156,0.946316,0.812451,224.771786
67.420926,0.989,0.0934,1.324277,1.020074,894.518752
127.946676,0.989,0.001244,0.380411,0.013006,71.113407
127.125227,0.96,0.000311,0.849694,0,11.651485
72.52267,0.983,0.008378,1.169063,0.116086,923.609829
146.565955,0.984,0.075556,0.371784,0.095285,3.1911
71.145705,0.98,0.045956,1.009377,0.136602,673.497286
174.861987,0.992,0.062333,0.379241,0.103993,14.992519
70.493306,0.955,0.010822,0.793658,0.236255,42.250194
148.24828,0.989,0.060489,0.415599,0.476327,41.688692
209.376276,0.996,0.000133,0.371932,0.034744,401.106467
139.153291,0.996,0.031356,0.388679,0.294731,1953.938147
152.646342,0.991,0.066867,0.381221,0.221623,72.080505
78.052906,0.928,0.406311,0.383134,0.434226,5.255811
129.329228,0.991,0.075711,0.326731,0.225153,36.314128
114.359815,0.995,0.046267,0.38645,0.017107,100.661971
102.831949,0.957,0.124467,1.76288,0.002402,17.012444
109.835793,0.985,0.028689,1.162526,0,317.975504
98.445422,0.984,0.057267,0.769472,0.001974,19.949164
131.161799,0.989,0.030267,0.715839,0.019289,223.970043
100.65294,0.996,0.032711,0.649132,0.233966,1429.689519
151.821012,0.984,0.002933,0.401886,0,9.741596
133.956039,0.984,0.081489,0.35552,0.199367,102.630217
135.298657,0.983,0.1032,0.387582,0.115806,4.909211
131.79278,0.988,0.052867,0.729691,0,91.421158
142.891636,0.985,0.041044,0.731044,0.040423,68.618554
129.16862,0.988,0.094133,0.375631,0.079985,74.645368
53.202262,0.985,0.347556,0.591472,2.490275,405.582517
61.147682,0.982,0.561689,0.672188,1.707553,81.337284
74.049214,0.986,0.081133,1.11477,0.213384,214.842995
137.630029,0.983,0.000022,0.377066,0.01146,72.580114
72.906082,0.961,0.1622,0.706949,0.244327,662.811659
110.724095,0.987,0.043467,0.671218,0.203224,23.257983
130.357254,0.985,0.097333,0.349152,0.155481,3.225801
71.514587,0.987,0.142489,0.772632,0.177639,192.356904
114.568402,0.992,0.037311,0.567996,0,21.338392
135.711466,0.986,0.103022,0.349454,0.155462,28.906219
164.050056,0.99,0.038933,0.761353,0.060073,16.490609
178.181145,0.986,0.061311,0.429679,0.053609,112.310862
110.152724,0.986,0.048422,0.398166,0.145938,25.310576
192.97167,0.995,0.041044,0.885168,0.18811,16.433733
48.286204,0.968,0.255533,0.910975,1.127342,9.376215
153.644508,0.995,0.001489,0.341303,0.256972,44.687571
57.873833,0.957,0.033244,0.592065,2.27331,338.008751
166.307147,0.976,0.083333,0.374458,0.134973,5.774642
140.197139,0.992,0.060844,0.553129,0.094021,143.233196
136.114501,0.995,0.081778,0.367164,0.110642,68.946967
133.728832,0.988,0.034333,0.774843,0.045833,339.726654
143.263767,0.993,0.0654,0.788354,0.034535,219.241704
103.283782,0.987,0.028578,0.400796,0.072585,46.881687
140.950334,0.992,0.053,0.365638,0.063397,97.468544
73.271655,0.986,0.082222,0.782568,0.821277,48.429653
51.768,0.923,0.014556,0.339418,6.088301,1.626246
142.581568,0.986,0.068267,0.336183,0.069114,112.12599
73.103178,0.955,0.2306,0.510095,0.12407,80.329529
131.312435,0.986,0.002489,0.356413,0.072328,103.168482
120.307731,0.993,0.005422,0.600639,0.005368,43.310258
120.208295,0.978,0.013911,0.37629,0.003228,109.915452
74.200457,0.993,0.065044,1.267307,0.401194,1070.563327
173.206772,0.988,0.0308,0.385395,0.042584,68.59611
50.905758,0.91,0.017289,0.178439,2.853659,0.264483
59.146467,0.964,0.007622,0.741047,1.13388,6.743685
74.552822,0.995,0.038111,1.156317,0.026057,659.812591
78.064497,0.987,0.0676,0.682489,0.4785,336.646539
161.550291,0.989,0.048822,0.384281,0.076279,2335.173625
67.297712,0.965,0.932556,0.387264,0.549603,125.628927
145.62925,0.987,0.055911,0.79943,0,25.196272
77.593272,0.973,0.208133,0.801774,0.560152,8.303971
71.686216,0.989,0.041711,1.261454,0.095571,947.667382
158.751486,0.99,0.033044,0.385188,0.13737,59.849122
134.715368,0.992,0.048578,0.379932,0.055781,15.268322
74.755486,0.98,0.093644,1.022137,0.126832,52.553216
109.009317,0.992,0.045178,1.109513,0.231734,40.370488
135.789125,0.996,0.041578,0.684023,0,222.767961
77.479047,0.991,0.041844,1.18134,0.147718,16.271777
68.33129,0.99,0.099378,0.587002,1.508907,1.408106
104.111943,0.992,0.043844,0.811036,0.114185,199.04022
141.792276,0.986,0.032711,0.742388,0.089563,47.398824
117.847531,0.989,0.143156,1.070425,0.24886,174.625496
89.961759,0.98,0.059933,1.226407,0.117284,47.008031
72.666012,0.981,0.000733,1.113027,0.356171,15.945445
73.821622,0.98,0.0008,1.286537,0.073063,352.752698
129.722793,0.987,0,0.392517,0.052137,195.879741
131.255461,0.986,0.031733,0.401402,0.034143,234.018426
136.187141,0.984,0.056844,0.578303,0.017448,50.068192
146.623389,0.986,0.047978,0.380245,0.142755,16.573871
124.086322,0.985,0.054356,0.473856,0.217317,11.825486
76.088949,0.986,0.065933,0.918838,0.374301,14.424208
73.753525,0.981,0.136578,0.795597,0.25279,9.317313
155.294017,0.993,0.008911,0.364392,0.114487,3.473613
119.6513,0.992,0.058356,0.374441,0.187946,96.91442
126.473414,0.986,0.0424,0.794221,0.012525,108.031695
78.110068,0.977,0.290556,0.533602,1.029351,130.328947
81.82966,0.993,0.096644,0.702969,0.111711,14.79647
108.532677,0.985,0.036622,0.904145,0,313.450568
95.989805,0.993,0.114844,1.143235,0.219571,13.986706
159.038382,0.984,0.000022,0.395155,0.073559,32.817836
144.635309,0.983,0.001244,0.46749,0,222.524849
133.970557,0.989,0,2.115306,0.011336,46.52089
126.239941,0.979,0.000933,2.092581,0.012608,70.89257
189.360922,0.993,0.014022,0.389528,0.02832,6.939114
61.025253,0.897,0,0.654275,0.387656,10.082339
53.018139,0.977,0.382867,0.353272,1.620131,1.008464
73.978022,0.993,0.000133,1.130656,0.010768,16.052231
123.07921,0.984,0.044511,0.604426,0.017911,69.584065
125.383416,0.993,0.128133,0.350779,0.265141,170.845651
133.122728,0.986,0.038756,0.589831,0.001361,219.172979
163.353481,0.998,0.034289,0.811969,0.057603,104.666438
74.465696,0.982,0.092044,1.047967,0.217608,27.877337
95.650759,0.992,0.035222,1.053016,0.033219,194.457898
133.54033,0.947,0,2.385106,0.009941,110.468011
115.587991,0.994,0.004333,0.814108,0,30.161992
72.454559,0.969,0.1018,1.069407,0.127143,218.785818
140.012686,0.994,0.060067,0.39586,0.141389,117.467039
155.445161,0.977,0.008111,0.386496,0.00601,225.776654
68.015907,0.986,0.139733,0.54507,0.12568,218.366669
85.667861,0.98,0.002778,0.762358,0.022337,13.050359
152.029774,0.99,0.0344,0.548075,0.0919,66.343698
174.380879,0.994,0.052511,0.711764,0.086016,220.25104
75.616695,0.981,0.085867,1.249327,0.524201,62.466523
68.075829,0.985,0.317711,0.384577,1.70747,1.493007
208.59078,0.996,0.0474,0.298763,0.063759,128.7452
131.241072,0.953,0,2.171236,0.011766,89.137856
132.935419,0.986,0.157911,0.360117,0.20446,69.250649
166.872383,0.994,0.044533,0.76157,0,184.595715
133.303775,0.992,0.0374,0.356336,0.015051,76.904348
89.873138,0.971,0.176333,0.635275,0,19.220082
96.10835,0.989,0.037822,0.879063,0.023773,81.731227
139.664157,0.992,0.039578,0.50642,0.001368,21.226468
69.356892,0.95,0.057511,0.551169,0.457506,10.335111
180.686982,0.985,0.003444,0.703465,0,114.611534
155.380827,0.99,0.040356,0.378425,0.075242,19.640671
117.778481,0.988,0.068511,0.549828,0.398381,113.580478
163.708767,0.991,0.057956,0.331586,0.560268,168.032359
127.893316,0.995,0.036,0.670248,0,88.43668
70.166559,0.983,0.000022,0.787501,0.025987,582.567504
129.990234,0.991,0.035333,0.54737,0.124852,175.595106
137.226322,0.997,0.067,0.377299,0.086326,66.462508
137.656244,0.99,0.066489,0.627523,0.039061,26.923817
115.5219,0.99,0.057933,0.564352,0.001949,88.811555
69.068827,0.909,0.293711,0.397333,0.594315,218.007613
178.395711,0.993,0.002822,0.676811,0.052649,21.507063
133.584611,0.996,0.026467,0.615422,0.054822,446.105523
79.309579,0.938,0.039756,0.794124,0,7.220156
55.085587,0.969,0.798133,0.134459,5.243742,0.143663
122.506522,0.991,0.032844,0.572333,0.10065,611.781978
115.032197,0.987,0.040822,0.592511,0.036047,36.232394
138.431771,0.985,0.109933,0.368865,0.288859,58.338268
121.407423,0.986,0.089533,0.384206,0.087031,66.954848
161.847135,0.983,0.055178,0.342289,0.331389,16.560765
