O_REL,O_RF,O_NPC,O_PFC,O_WCC,O_UC,D_REL,D_RF,D_NPC,D_PFC,D_WCC,D_UC,Ch_REL,Ch_RF,Ch_NPC,Ch_PFC,Ch_WCC,CH_UC,P_REL,P_RF,P_NPC,P_PFC,P_WCC,P_UC
0.997,0,14.503102,0.074635,0,0.250024,0.978,0.038756,123.574311,0.17452,0,0.579683,1,0.185067,70.881069,1.239711,0.001961,52.011197,0.998,0.024467,92.366852,0.61033,0,61.62913
0.997,0.000867,16.719214,0.150591,0,248.502732,0.958,0.005822,83.948572,0.104449,0.024289,1559.641172,1,0.073,33.33232,0.573679,0,213.913138,1,0.152289,47.116869,0.684312,0.879618,525.018313
1,0,52.261567,0.349552,0,532.182404,0.989,0.000289,57.681785,0.156264,0,685.302384,1,0,58.271134,1.115099,0,627.061604,1,0,45.274702,0.814794,1.888886,361.112856
0.997,0,7.129626,0.042397,0,0.089366,0.983,0.039644,175.23507,0.23195,0,0.773591,1,0.213978,64.646077,1.060921,0,9.211827,0.998,0.043533,84.110104,0.477746,0.000697,10.162897
0.996,0.000778,24.303545,0.19459,0,0.326663,0.983,0.776956,72.910637,0.083077,0.471277,0.264393,1,0.370044,26.6188,0.490203,0.588185,2.928052,1,0.047822,61.750802,0.546299,0.698997,23.752078
1,0,44.478392,0.293699,0,12.419406,0.993,0.014844,188.347393,0.245494,0,217.580552,1,0,22.099241,0.368164,0.001346,16.157074,1,0,28.562993,0.320789,0.045533,1.684642
0.997,0,26.417759,0.181634,0.004616,0.216564,0.898,0.022489,18.259767,0.109147,0.020483,0.0919,1,0,50.115157,0.930827,0,24.802793,1,0,11.313174,0.129922,2.752333,0.351454
0.997,0.000711,20.647314,0.167795,0,175.314025,0.957,0.006,80.373495,0.17221,0,847.631746,1,0.0826,31.19204,0.562669,0,423.950055,1,0.169511,41.811929,0.598042,1.042371,314.846821
0.998,0,23.21917,0.157876,0,0.400685,0.972,0.000422,50.490538,0.13473,0,0.235027,1,0.066578,36.349892,0.633624,0,22.444593,0.999,0.165978,47.724063,0.425057,0.925311,1.044425
1,0,52.380126,0.308013,0,1.127045,0.977,0,108.540692,0.10264,0.016466,0.642616,1,0,21.437289,0.360036,0.01193,3.393813,1,0,39.856105,0.391163,0.023329,10.17789
1,0,76.617269,0.401239,0,76.416762,0.988,0,121.674452,0.161701,0,44.38373,1,0.028511,18.765691,0.333177,0,32.468401,1,0.045711,27.962161,0.297826,0.089954,11.096238
0.987,0,30.407475,0.115369,0.033986,91.268145,0.943,0.316067,47.556835,0.120308,0.46152,116.044123,1,0,17.897945,0.32996,0.025388,41.769735,1,0,3.710634,0.094787,8.784183,11.168355
1,0.042156,16.793844,0.173873,0,0.277874,0.987,0.876178,74.284327,0.160833,0.408362,0.335424,1,0.294356,7.926149,0.163476,0.428194,1.178741,1,0.414889,49.435657,0.343512,1.424733,0.946192
0.985,0.001911,7.047221,0.049567,0,0.123571,0.966,0.034333,70.409389,0.073373,0.232281,0.268036,1,0.473978,8.084945,0.264989,0.359213,1.31501,1,0.611578,4.699449,0.081685,9.627782,0.084079
0.984,0,16.662313,0.154394,0,0.140005,0.931,0.057822,28.137373,0.116677,0.016417,0.112352,1,0,39.17257,0.708322,0,17.01356,0.999,0,23.273941,0.324314,2.566983,0.53247
1,0,43.523021,0.186643,0,1.064939,0.989,0.016956,152.627556,0.149768,0,1.023133,1,0.063511,25.721835,0.433121,0,20.319406,1,0.03,45.884304,0.452007,0.005034,7.638711
1,0,27.499248,0.117138,0,0.609918,0.994,0.061733,92.853284,0.173784,0,0.565762,1,0.066644,43.003253,0.753371,0,19.92229,1,0.044956,90.545475,0.922047,0.0313,8.556673
1,0,48.286852,0.298225,0.058522,1.131423,0.986,0.000667,143.097602,0.191656,0,12.869592,1,0,12.084307,0.207074,0.078637,6.207543,1,0,27.923492,0.444414,0.011482,130.099659
0.999,0.000067,25.408447,0.176517,0,0.488291,0.99,0.074378,49.671952,0.103343,0.130591,0.259202,1,0.246133,46.194435,0.884887,0.148598,7.980159,0.996,0.4272,30.33522,0.328396,2.015178,0.689385
1,0,64.658929,0.296099,0,21.628145,0.968,0.001356,71.059052,0.162465,0,76.591899,1,0.048711,59.235047,0.946316,0,39.737714,1,0.059156,71.919362,0.772339,0.812451,224.771786
1,0,25.738118,0.18083,0,353.495883,0.989,0,45.076362,0.114948,0,699.758159,1,0.021511,67.420926,1.299457,0.041206,894.518752,1,0.0934,65.80659,1.324277,1.020074,760.118163
1,0,51.119451,0.320736,0,1.313947,0.989,0.001244,127.946676,0.131244,0,71.113407,1,0,19.898854,0.379703,0,5.913739,1,0,31.968202,0.380411,0.013006,9.332932
0.999,0,16.867925,0.145095,0,0.25072,0.96,0.000311,80.774208,0.14936,0,0.326116,1,0,38.317703,0.69179,0,6.773587,1,0,127.125227,0.849694,0,11.651485
1,0,58.904012,0.293345,0,791.556783,0.983,0.008378,64.76862,0.075505,0,923.609829,1,0,18.331705,0.379262,0.01011,194.552574,0.985,0,72.52267,1.169063,0.116086,747.390661
1,0,49.884931,0.26768,0,1.414523,0.984,0.000378,146.565955,0.210843,0,1.140372,1,0.075556,14.428216,0.273121,0,3.1911,1,0.065489,27.577265,0.371784,0.095285,3.110674
1,0,71.145705,0.429079,0,673.497286,0.98,0.004133,58.998511,0.065709,0.04253,604.432936,1,0.0218,58.398114,1.009377,0,589.531678,1,0.045956,57.288617,0.762669,0.136602,332.945742
1,0,48.908676,0.243459,0,1.40262,0.992,0.000978,174.861987,0.223417,0,1.386921,1,0.062333,23.679264,0.379241,0.103993,14.992519,1,0.041378,22.227941,0.322231,0.098707,2.426529
0.998,0,50.688081,0.213411,0,0.81639,0.955,0.010822,58.853158,0.061753,0.020974,0.257439,1,0,40.042208,0.793658,0,6.291506,1,0,70.493306,0.430432,0.236255,42.250194
1,0,53.745479,0.294726,0,1.617439,0.989,0.000756,148.24828,0.181657,0,41.688692,1,0.060489,23.626394,0.415599,0.085714,4.605456,0.999,0.051378,29.025084,0.33626,0.476327,3.004947
1,0,5.326687,0.080572,0,9.41113,0.996,0.000133,209.376276,0.197746,0.015202,401.106467,1,0,18.104134,0.371932,0,54.700955,1,0,27.525407,0.28135,0.034744,18.010303
1,0,71.395343,0.388679,0,886.990854,0.996,0.013778,139.153291,0.162616,0,1953.938147,1,0.021511,18.060854,0.256184,0.083452,106.539863,1,0.031356,32.562997,0.385608,0.294731,65.702398
1,0,68.331309,0.319117,0,7.567098,0.991,0.000467,152.646342,0.233862,0,72.080505,1,0.041111,13.946418,0.305063,0,7.28112,1,0.066867,29.715541,0.381221,0.221623,4.483695
0.998,0.000067,26.017635,0.09876,0.434226,0.296015,0.928,0.0008,78.052906,0.1584,0,0.24127,1,0.406311,14.849699,0.285493,0.094005,0.808166,1,0.156356,70.681392,0.383134,0.14096,5.255811
1,0,58.800257,0.318816,0,1.640038,0.991,0.000022,129.329228,0.150394,0,36.314128,1,0.075711,8.058881,0.139595,0,2.487704,1,0.064822,33.561138,0.326731,0.225153,1.667295
1,0,76.923946,0.36281,0,100.661971,0.995,0.001133,114.359815,0.188904,0,10.327684,1,0.029222,21.110871,0.384679,0,50.426457,1,0.046267,29.604571,0.38645,0.017107,20.376474
0.997,0,82.956877,0.425311,0,1.449055,0.962,0.124467,43.126374,0.133628,0,0.204956,1,0,102.831949,1.76288,0,17.012444,0.957,0,53.73051,0.386061,0.002402,1.683422
0.999,0.000689,19.153376,0.134157,0,30.925864,0.985,0.000022,109.835793,0.157301,0,135.470863,1,0.028689,55.629995,1.049367,0,163.912234,0.999,0.024022,90.052051,1.162526,0,317.975504
1,0,52.676237,0.267896,0,1.104557,0.984,0.003067,98.445422,0.097187,0,0.618612,1,0.057267,45.37683,0.769472,0,19.949164,1,0.038422,68.444627,0.715071,0.001974,7.939769
1,0,36.676323,0.23792,0,18.416566,0.989,0.004556,131.161799,0.210246,0,199.892401,1,0.030267,45.470041,0.715839,0,20.288484,1,0.025111,48.423419,0.629504,0.019289,223.970043
1,0,92.567288,0.510335,0,1163.301387,0.996,0.000444,100.65294,0.102548,0.097274,1429.689519,1,0.025733,40.400693,0.649132,0,132.113535,1,0.032711,48.520868,0.607781,0.233966,421.357815
1,0,30.422792,0.221402,0,0.784553,0.984,0.002933,151.821012,0.189013,0,1.0773,1,0,23.900876,0.401886,0,9.741596,1,0,35.004022,0.335084,0,1.792263
1,0,42.292642,0.275749,0,1.138202,0.984,0.004022,133.956039,0.168211,0,49.033558,1,0.081489,23.114106,0.332564,0,4.305658,1,0.045622,48.137674,0.35552,0.199367,102.630217
0.998,0.000022,44.484607,0.283627,0,1.012694,0.983,0.001356,135.298657,0.189702,0,0.845855,1,0.085689,23.981713,0.387582,0.022763,4.909211,1,0.1032,28.619999,0.367821,0.115806,1.055414
1,0,48.987405,0.310646,0,8.606271,0.988,0.0038,131.79278,0.148589,0,91.421158,1,0.052867,27.719096,0.467432,0,42.136077,1,0.024644,58.639663,0.729691,0,9.954235
1,0,43.66536,0.233214,0,53.266751,0.985,0.000089,142.891636,0.207957,0,1.402826,1,0.041044,38.793446,0.731044,0,68.618554,1,0.027289,43.081216,0.514739,0.040423,39.180653
1,0,49.684629,0.29163,0,1.605826,0.988,0.049356,129.16862,0.180373,0,74.645368,1,0.069289,23.961966,0.375631,0.038859,8.473134,1,0.094133,25.285351,0.297756,0.079985,18.759889
0.998,0.003644,51.018894,0.25089,0,373.334295,0.985,0.214156,53.202262,0.123214,0.288903,405.582517,1,0.039311,28.70843,0.591472,0,46.514577,1,0.347556,9.578643,0.192998,2.490275,30.689425
0.998,0.001022,17.39083,0.098911,0,0.358533,0.982,0.561689,61.147682,0.073321,0.415346,0.330038,1,0.040111,35.115868,0.672188,0,81.337284,1,0.218044,17.599973,0.272348,1.707553,9.449632
1,0,45.032561,0.204213,0,59.446928,0.986,0.000044,74.049214,0.14395,0,143.626912,1,0.081133,62.076616,1.11477,0,129.342041,1,0.039689,41.346728,0.398973,0.213384,214.842995
1,0,45.185063,0.299712,0,1.280521,0.983,0.000022,137.630029,0.215758,0,12.520298,1,0,19.731792,0.377066,0,6.74672,1,0,27.614498,0.335669,0.01146,72.580114
0.999,0.000111,64.951788,0.288852,0,479.64255,0.961,0.002556,70.469785,0.092323,0,662.811659,1,0.1622,31.28423,0.524945,0.122016,36.261725,1,0.050867,72.906082,0.706949,0.244327,478.83232
1,0,35.920517,0.21262,0,1.06407,0.987,0.000222,110.724095,0.120303,0,0.917068,1,0.035933,25.104054,0.433066,0,23.257983,0.999,0.043467,56.739252,0.671218,0.203224,4.518803
1,0,43.388665,0.239908,0,1.056811,0.985,0.004578,130.357254,0.178254,0,0.869676,1,0.097333,14.29815,0.270892,0,3.225801,1,0.044467,36.103033,0.349152,0.155481,2.035208
0.999,0,71.514587,0.382591,0,1.389608,0.987,0.010622,63.003427,0.130017,0,0.33413,1,0.142489,42.94743,0.772632,0,8.473814,1,0.043067,70.414809,0.519229,0.177639,192.356904
1,0,33.212961,0.19654,0,0.99564,0.992,0.000667,114.568402,0.176109,0,0.987854,1,0.037311,34.252918,0.567996,0,21.338392,1,0.032356,46.00891,0.532845,0,3.523792
1,0,29.859637,0.146375,0,0.75241,0.986,0.0012,135.711466,0.187456,0,28.906219,1,0.103022,19.041293,0.337984,0,5.925606,1,0.029889,39.989168,0.349454,0.155462,20.490146
0.998,0,13.951528,0.144098,0.060073,0.272361,0.99,0.038933,164.050056,0.22534,0,1.184814,1,0,41.855269,0.761353,0,16.490609,1,0,34.968313,0.392371,0.030216,1.168146
1,0,27.810032,0.203734,0,28.491368,0.986,0.003422,178.181145,0.180023,0,112.310862,1,0.061311,22.033831,0.429679,0,7.131912,1,0.032867,33.95856,0.388753,0.053609,16.199509
1,0,70.246052,0.375046,0,2.084067,0.986,0.001556,110.152724,0.104007,0.031775,16.014506,1,0.046844,21.706732,0.398166,0,25.310576,1,0.048422,32.156004,0.385664,0.145938,3.473988
1,0,0.344236,0.00492,0,0.010403,0.995,0.004356,192.97167,0.208849,0,1.753311,1,0.037222,14.912584,0.277706,0,16.433733,0.999,0.041044,71.982335,0.885168,0.18811,5.234818
0.995,0.008978,1.090281,0.011785,0.060299,0.022253,0.968,0.155244,6.078377,0.097562,0.333815,0.032435,1,0.161356,48.286204,0.910975,0,9.376215,1,0.255533,43.956438,0.49915,1.127342,1.056929
1,0,47.650169,0.199537,0,1.023544,0.995,0.001489,153.644508,0.130367,0.147543,0.908177,1,0,9.157615,0.170338,0,0.752726,1,0,46.779205,0.341303,0.256972,44.687571
0.999,0,29.80612,0.181666,0,89.362381,0.957,0.033244,57.873833,0.116605,0.017019,338.008751,1,0,27.654095,0.592065,0,50.603202,1,0,23.032505,0.344092,2.27331,107.087308
0.999,0.000022,58.296651,0.266305,0,1.516941,0.976,0.0098,166.307147,0.224774,0,1.191487,1,0.083333,15.905418,0.340585,0,5.774642,0.995,0.073956,36.540373,0.374458,0.134973,1.247139
1,0,37.469202,0.261644,0,39.03109,0.992,0.011067,140.197139,0.162946,0,143.233196,1,0.035267,26.051655,0.514265,0,41.223173,1,0.060844,46.759536,0.553129,0.094021,93.281992
1,0,50.811227,0.273508,0.110642,1.415141,0.995,0.003111,136.114501,0.194759,0.050979,68.946967,1,0.081778,14.801245,0.263943,0.002065,2.47372,1,0.032844,32.306334,0.367164,0.105671,2.837231
1,0,44.591089,0.197614,0,47.800747,0.988,0.001644,133.728832,0.114631,0.027388,158.320392,1,0.027111,39.140291,0.701404,0,60.139251,1,0.034333,66.310961,0.774843,0.045833,339.726654
1,0,42.681206,0.267588,0,1.239976,0.993,0.012511,143.263767,0.217241,0,22.081747,1,0.0654,17.167644,0.337285,0,5.466488,0.999,0.030422,71.808101,0.788354,0.034535,219.241704
1,0,83.927067,0.400796,0,2.012677,0.987,0.028578,103.283782,0.167451,0,46.881687,1,0,10.25217,0.199661,0,2.396785,1,0,31.879783,0.319112,0.072585,24.208397
1,0,55.191688,0.27197,0,1.651465,0.992,0.000422,140.950334,0.213955,0,97.468544,1,0.053,14.056201,0.265707,0,5.962775,1,0.032622,31.695339,0.365638,0.063397,42.295179
1,0.060267,44.282798,0.263116,0.024969,4.928864,0.986,0.001867,73.271655,0.118661,0.12816,48.429653,1,0.0668,34.999607,0.601718,0.096935,19.028087,1,0.082222,67.367134,0.782568,0.821277,7.118345
0.999,0,51.768,0.339418,0,0.983516,0.923,0.014556,45.331153,0.080386,0.003879,0.220908,1,0,9.521048,0.241688,0.258861,1.626246,1,0,5.924174,0.089065,6.088301,0.117831
1,0,47.532973,0.312815,0,12.752816,0.986,0.003956,142.581568,0.173271,0,112.12599,1,0.068267,12.807421,0.224592,0.035579,2.986901,1,0.057889,29.285934,0.336183,0.069114,88.831137
0.999,0,50.41571,0.287349,0,0.933674,0.955,0.0014,73.103178,0.093093,0,0.371437,1,0.2306,11.022779,0.170995,0.053224,1.382397,1,0.081178,69.982264,0.510095,0.12407,80.329529
1,0,52.161456,0.249886,0,10.192889,0.986,0.002489,131.312435,0.206913,0,103.168482,1,0,13.168087,0.247959,0,8.569911,1,0,40.900626,0.356413,0.072328,5.595912
1,0,41.44529,0.284712,0,1.30876,0.993,0.005422,120.307731,0.172777,0,43.310258,1,0,28.278293,0.453283,0.005368,30.243916,0.999,0,50.553283,0.600639,0,5.599105
1,0,41.352805,0.250893,0,0.904908,0.978,0.013911,120.208295,0.158802,0,0.725886,1,0,21.315693,0.376074,0,3.428476,1,0,36.504387,0.37629,0.003228,109.915452
1,0,29.619869,0.244231,0,403.828742,0.993,0.000467,69.612144,0.160993,0,1070.563327,1,0.015556,69.781926,1.267307,0,886.843254,1,0.065044,74.200457,1.209085,0.401194,794.509436
1,0,62.687904,0.385395,0,68.59611,0.988,0.000044,173.206772,0.185998,0,44.118377,1,0.0308,21.714761,0.368919,0.042584,36.055081,1,0.029378,27.529316,0.295475,0.039198,11.939305
0.996,0,21.550053,0.178439,0,0.18837,0.91,0.017289,50.905758,0.136668,0,0.12074,1,0,1.251517,0.106703,0.096625,0.10034,1,0,30.739596,0.137809,2.853659,0.264483
0.999,0,41.307185,0.222738,0,0.827169,0.964,0.007622,44.423514,0.089251,0,0.24491,1,0,37.950759,0.741047,0,6.743685,1,0,59.146467,0.523081,1.13388,1.471429
1,0,29.261132,0.145992,0,201.260532,0.995,0.004111,74.552822,0.119362,0,659.812591,1,0.029444,65.551579,1.156317,0,431.992042,0.998,0.038111,73.693932,0.971724,0.026057,437.133962
1,0,75.325385,0.406954,0,78.243828,0.987,0,78.064497,0.066449,0.024474,79.568159,1,0.0676,32.353578,0.549941,0,46.408796,1,0.044222,73.353308,0.682489,0.4785,336.646539
1,0,37.650654,0.247584,0,494.563522,0.989,0.001444,161.550291,0.223443,0,2335.173625,1,0.021511,20.109676,0.372417,0,188.975642,1,0.048822,29.791279,0.384281,0.076279,41.256211
0.994,0.000156,46.070921,0.157425,0.054122,0.313736,0.965,0.932556,67.297712,0.141791,0.529321,0.122744,1,0.429667,11.734095,0.268462,0.133715,1.012315,1,0.058,54.034992,0.387264,0.549603,125.628927
1,0,8.38555,0.136292,0,0.236751,0.987,0,145.62925,0.186533,0,1.139903,1,0.055911,45.918289,0.79943,0,25.196272,1,0.0466,51.834269,0.631177,0,4.296725
1,0.000044,24.554935,0.16329,0,0.483446,0.973,0.000889,77.593272,0.090148,0.145513,0.420583,1,0.208133,53.790851,0.801774,0.213589,8.303971,1,0.102489,73.11173,0.516231,0.560152,7.563949
1,0,48.556709,0.306761,0,654.557653,0.989,0,62.322531,0.072399,0,947.667382,1,0.015556,71.686216,1.261454,0,886.234914,1,0.041711,70.916894,1.053136,0.095571,601.035297
1,0,60.235543,0.345964,0,59.849122,0.99,0.003289,158.751486,0.217066,0,20.908172,1,0.033044,16.11385,0.304108,0,47.115662,1,0.026667,31.519439,0.385188,0.13737,30.305954
1,0,53.001959,0.318914,0,1.596094,0.992,0.003556,134.715368,0.121169,0.055781,1.196623,1,0.028156,21.862487,0.357684,0,15.268322,1,0.048578,31.287982,0.379932,0.011555,2.811692
0.999,0,39.778321,0.212776,0,0.983715,0.98,0.008267,69.143786,0.124722,0,0.458438,1,0.093644,62.392295,1.022137,0.126832,13.487113,1,0.068267,74.755486,0.799321,0.061239,52.553216
1,0,43.077461,0.259443,0,1.185137,0.992,0.008756,109.009317,0.181708,0,0.827431,1,0.038533,61.211403,1.109513,0,40.370488,1,0.045178,61.885958,0.731744,0.231734,5.242121
1,0,36.504336,0.212165,0,1.121022,0.996,0.008933,135.789125,0.207983,0,1.151286,1,0.041578,31.22724,0.620051,0,46.47288,1,0.028533,58.630752,0.684023,0,222.767961
0.999,0,26.894662,0.201804,0,0.740257,0.991,0.041844,77.479047,0.16434,0,0.591436,1,0,68.272011,1.18134,0,16.271777,1,0,66.47892,0.646045,0.147718,2.526459
0.999,0,27.71283,0.178028,0,0.56309,0.99,0.099378,68.33129,0.156269,0.057941,0.359188,1,0,1.450702,0.033982,0.222862,0.264638,1,0,58.028088,0.587002,1.508907,1.408106
1,0,32.615054,0.247168,0,54.726485,0.992,0.001822,104.111943,0.104403,0,199.04022,1,0.026044,44.557608,0.811036,0,101.211457,1,0.043844,54.420409,0.658288,0.114185,59.668333
0.996,0.006267,1.67555,0.021552,0,1.647384,0.986,0.000489,141.792276,0.17176,0,1.442276,1,0.032244,29.374323,0.508815,0,47.398824,0.999,0.032711,56.910151,0.742388,0.089563,44.814055
0.996,0.01,2.256143,0.037867,0,0.042065,0.989,0.013489,66.00327,0.104513,0,0.384018,1,0.143156,57.777764,1.070425,0,12.185436,0.994,0.0308,117.847531,0.950655,0.24886,174.625496
1,0,33.08547,0.219259,0.117284,0.903432,0.98,0.0046,89.961759,0.108021,0,0.681375,1,0.031089,78.318585,1.226407,0.046853,47.008031,1,0.059933,52.904316,0.594921,0.073945,2.689379
1,0,13.519714,0.063251,0,0.331359,0.981,0.000733,72.666012,0.130597,0,0.49195,1,0,70.212958,1.113027,0.085545,13.803913,1,0,72.04457,0.586152,0.356171,15.945445
1,0,31.469029,0.168579,0,134.723431,0.98,0.0008,73.821622,0.120873,0,352.752698,1,0,69.805224,1.286537,0,322.069631,1,0,65.377696,0.894009,0.073063,318.05743
1,0,84.034293,0.392517,0,41.874537,0.987,0,129.722793,0.142431,0,195.879741,1,0,14.766904,0.232304,0,13.570459,1,0,22.329312,0.261674,0.052137,1.513937
1,0,60.31295,0.324496,0,144.910598,0.986,0.0004,131.255461,0.222491,0,234.018426,1,0.025689,18.796947,0.38955,0,37.54667,1,0.031733,30.266461,0.401402,0.034143,15.029243
1,0,44.779501,0.226096,0,1.33299,0.984,0,136.187141,0.143328,0,1.136377,1,0.056844,32.223418,0.578303,0,50.068192,1,0.0322,41.47947,0.489168,0.017448,38.273137
1,0,33.391806,0.190622,0,0.980984,0.986,0.000067,146.623389,0.181088,0,1.23895,1,0.047978,14.381753,0.294698,0,16.573871,1,0.032022,39.18402,0.380245,0.142755,3.702512
1,0,89.075219,0.441234,0,2.480244,0.985,0,124.086322,0.159708,0,0.959048,1,0.046222,22.591907,0.473856,0,11.825486,1,0.054356,42.527846,0.468585,0.217317,2.14919
1,0,76.088949,0.442131,0,2.297842,0.986,0.000067,72.354308,0.102192,0,14.424208,1,0.0528,25.601627,0.477189,0,6.280337,0.999,0.065933,75.218695,0.918838,0.374301,3.753491
1,0,33.833783,0.211459,0,0.795075,0.981,0.000311,73.753525,0.09136,0.084791,0.478296,1,0.136578,52.493678,0.795597,0.123852,9.317313,1,0.1038,68.880513,0.596024,0.25279,7.767813
1,0,46.747267,0.231134,0,1.219407,0.993,0.008911,155.294017,0.200457,0.114487,1.111,1,0,17.754045,0.364392,0,3.473613,1,0,20.274896,0.233272,0.081785,0.578716
1,0,51.738705,0.232431,0.064587,1.535092,0.992,0.000689,119.6513,0.151615,0,84.877263,1,0.058356,21.435355,0.353811,0.078536,12.258388,1,0.030556,42.422548,0.374441,0.187946,96.91442
1,0,43.138116,0.258644,0,55.757241,0.986,0.0018,126.473414,0.129783,0,21.481912,1,0.0424,44.70465,0.794221,0,108.031695,1,0.029022,64.523106,0.735012,0.012525,62.976412
0.999,0.008,24.344207,0.107545,0.149506,0.427059,0.977,0.197622,75.020358,0.061509,0.350316,0.358308,1,0.290556,24.605273,0.400168,0.501301,3.706272,1,0.095756,78.110068,0.533602,1.029351,130.328947
1,0,58.495159,0.33641,0,1.452174,0.993,0.002778,81.82966,0.157629,0,6.428512,1,0.096644,27.767903,0.531092,0,7.929236,1,0.045067,67.946717,0.702969,0.111711,14.79647
1,0,39.992731,0.251057,0,75.520403,0.985,0.000089,108.532677,0.151853,0,202.600159,1,0.036622,36.66079,0.683724,0,60.210622,1,0.022778,76.676926,0.904145,0,313.450568
1,0,19.368677,0.140107,0,0.471616,0.993,0.041778,95.989805,0.089126,0.117737,0.647819,1,0.114844,78.14218,1.143235,0.102472,13.986706,1,0.087267,46.831029,0.419013,0.219571,7.446742
1,0,65.047717,0.395155,0,2.029342,0.984,0.000022,159.038382,0.173978,0.033013,32.817836,1,0,9.381191,0.134093,0.073559,2.343289,1,0,25.813118,0.313736,0.048423,2.887784
1,0,46.271702,0.278598,0,1.461086,0.983,0.001244,144.635309,0.180938,0,21.237314,1,0,12.347601,0.2756,0,27.993239,1,0,40.958117,0.46749,0,222.524849
0.997,0,11.26479,0.14603,0,0.198469,0.989,0,105.465373,0.108225,0,0.528275,1,0,133.970557,2.115306,0,38.579211,1,0,39.153574,0.551774,0.011336,46.52089
0.999,0,48.098602,0.292919,0,0.790038,0.979,0.000933,119.90114,0.128189,0.012608,0.550275,1,0,126.239941,2.092581,0,70.89257,0.995,0,52.608722,0.523865,0.012126,26.07557
0.999,0,36.05285,0.161349,0,0.801032,0.993,0.014022,189.360922,0.235515,0.008137,1.148822,1,0,22.40484,0.389528,0,6.939114,0.999,0,31.266715,0.38643,0.02832,1.392636
0.993,0,12.382873,0.040083,0.259963,0.070029,0.897,0,35.388782,0.02175,0.387656,0.050889,1,0,37.683151,0.654275,0.072069,2.135764,1,0,61.025253,0.495809,0.018872,10.082339
0.999,0.000222,46.958774,0.246827,0,0.851791,0.977,0.018133,53.018139,0.110085,0,0.261484,1,0.304244,3.252318,0.093123,0.468078,0.530682,1,0.382867,47.195959,0.353272,1.620131,1.008464
1,0,25.371025,0.138764,0,0.655806,0.993,0.000133,73.978022,0.157537,0.010768,0.525306,1,0,66.245374,1.130656,0,16.052231,1,0,57.672634,0.69304,0.007436,2.010721
1,0,60.326739,0.307454,0,1.733173,0.984,0.000044,123.07921,0.113808,0,0.996114,1,0.0424,32.203087,0.604426,0,53.087897,0.999,0.044511,55.550371,0.602394,0.017911,69.584065
1,0,50.757312,0.243898,0,52.19513,0.993,0,125.383416,0.185755,0.074619,170.845651,1,0.054,16.144156,0.350779,0,20.341822,1,0.128133,25.920225,0.25387,0.265141,10.930174
1,0,60.88495,0.297654,0,1.767637,0.986,0.0028,133.122728,0.185365,0,1.091537,1,0.038756,32.461191,0.564732,0,12.814896,1,0.03,52.932109,0.589831,0.001361,219.172979
1,0,31.958226,0.173749,0,38.467893,0.998,0.004133,163.353481,0.208597,0,1.700668,1,0.021644,45.046448,0.811969,0,104.666438,1,0.034289,29.585359,0.38386,0.057603,24.276061
0.999,0.000022,32.8438,0.150235,0,1.002969,0.982,0.003667,74.465696,0.130202,0,5.762559,1,0.092044,58.620686,1.047967,0,27.877337,1,0.059933,69.967211,0.797641,0.217608,4.513854
1,0,40.08124,0.180175,0,41.043504,0.992,0.015956,93.934471,0.128593,0,94.501986,1,0.026244,42.481734,0.799736,0,77.673068,1,0.035222,95.650759,1.053016,0.033219,194.457898
0.997,0,33.250752,0.141916,0,0.733831,0.947,0,102.611138,0.144065,0,0.634766,1,0,133.54033,2.385106,0,27.567134,0.968,0,29.977945,0.415971,0.009941,110.468011
1,0,38.272904,0.168044,0,0.91827,0.994,0.004333,115.587991,0.165712,0,0.758705,1,0,42.560586,0.814108,0,30.161992,1,0,65.704908,0.666899,0,8.171839
1,0,16.923583,0.172572,0,0.416388,0.969,0.000733,70.833587,0.067871,0,0.481686,1,0.1018,61.887665,1.069407,0,12.941196,1,0.05,72.454559,0.689227,0.127143,218.785818
1,0,60.786047,0.304396,0,20.375389,0.994,0.005067,140.012686,0.125255,0.08063,117.467039,1,0.060067,8.982714,0.160337,0,5.094802,1,0.030889,29.891533,0.39586,0.141389,10.766455
1,0,42.373701,0.261782,0,30.930288,0.977,0.008111,155.445161,0.232236,0,225.776654,1,0,18.293744,0.336494,0,16.595273,0.999,0,43.154835,0.386496,0.00601,186.906501
1,0,54.562533,0.290488,0,1.043283,0.986,0.097956,67.383824,0.102166,0,0.350546,1,0.139733,26.442998,0.450236,0.011303,4.566811,1,0.040556,68.015907,0.54507,0.12568,218.366669
1,0,40.471419,0.200801,0,0.802765,0.98,0.002778,85.667861,0.151864,0,0.461508,1,0,43.065069,0.762358,0,13.050359,1,0,76.974306,0.682262,0.022337,2.280411
1,0,45.201788,0.278664,0,44.445034,0.99,0.000933,152.029774,0.216945,0,66.343698,1,0.022689,30.119995,0.548075,0,62.025556,1,0.0344,25.064187,0.26249,0.0919,10.248657
0.995,0.001089,1.826668,0.028216,0,0.053393,0.994,0.052511,174.380879,0.195747,0,38.348985,1,0.034067,42.547388,0.711764,0,25.231319,1,0.024978,62.849852,0.670198,0.086016,220.25104
1,0.000044,20.592914,0.188701,0,2.506062,0.981,0.000733,70.527104,0.124667,0,62.466523,1,0.085867,75.616695,1.249327,0,40.382316,1,0.069822,64.402668,0.636544,0.524201,58.84012
1,0,68.075829,0.331294,0,1.493007,0.985,0.007756,62.916063,0.118941,0,0.377672,1,0.191578,4.535911,0.113895,0.137456,0.885058,1,0.317711,43.713922,0.384577,1.70747,1.209479
1,0,44.810582,0.298763,0,50.910971,0.996,0.022933,208.59078,0.238977,0,128.7452,1,0.0474,13.129041,0.236986,0,6.940916,1,0.028311,25.825098,0.298385,0.063759,7.276789
0.998,0,28.849276,0.120383,0,0.681756,0.953,0,131.241072,0.165513,0,10.972964,1,0,122.777427,2.171236,0,52.84474,0.972,0,29.592371,0.415926,0.011766,89.137856
1,0,45.834454,0.188215,0,1.016104,0.986,0.002289,132.935419,0.162562,0,0.814987,1,0.157911,19.348232,0.293127,0.144717,3.160552,1,0.058067,27.482185,0.360117,0.20446,69.250649
1,0,43.118927,0.293363,0,59.122945,0.994,0.016889,166.872383,0.204603,0,184.595715,1,0.044533,9.507955,0.208711,0,9.901788,1,0.024622,63.538317,0.76157,0,80.064014
1,0,60.433998,0.327304,0,1.502549,0.992,0.0374,133.303775,0.183496,0,11.760691,1,0,13.864656,0.323691,0,16.323954,1,0,31.176898,0.356336,0.015051,76.904348
0.999,0,45.848893,0.237385,0,0.850234,0.971,0.049311,89.873138,0.147271,0,0.454954,1,0.176333,34.507492,0.635275,0,6.085656,0.98,0.024756,57.979563,0.412233,0,19.220082
0.999,0,52.846789,0.251478,0,64.160259,0.989,0.001067,96.10835,0.106278,0,0.846535,1,0.037822,47.946567,0.879063,0,81.731227,0.999,0.030178,77.010507,0.79059,0.023773,64.979148
1,0,43.807235,0.218361,0,1.270912,0.992,0.039578,139.664157,0.172655,0,1.121133,1,0,29.890449,0.50642,0,21.226468,1,0,30.403654,0.332985,0.001368,3.404756
0.996,0,41.502401,0.147174,0.457506,0.500632,0.95,0.057511,57.40085,0.041113,0.30015,0.165949,1,0,25.608844,0.482772,0.07558,2.327928,1,0,69.356892,0.551169,0.034732,10.335111
1,0,54.524624,0.277225,0,1.533598,0.985,0.003444,180.686982,0.212318,0,107.954151,1,0,40.628141,0.703465,0,9.15191,1,0,37.072527,0.433231,0,114.611534
1,0,46.407397,0.214531,0,1.375867,0.99,0.0046,155.380827,0.205234,0,1.273378,1,0.040356,17.587826,0.302927,0.075242,19.640671,1,0.036133,33.55858,0.378425,0.054076,3.452892
1,0,50.695515,0.300979,0,1.392079,0.988,0.000156,117.778481,0.14454,0,66.916612,1,0.068511,28.548737,0.431532,0,7.671998,0.999,0.037333,49.916793,0.549828,0.398381,113.580478
1,0,60.107261,0.306406,0,53.188948,0.991,0.008156,163.708767,0.15044,0.112418,168.032359,1,0.057956,16.624998,0.331586,0,21.536414,1,0.054844,25.018215,0.272096,0.560268,8.877768
1,0,47.660909,0.263016,0,52.231894,0.995,0.025622,127.893316,0.17197,0,24.526572,1,0.036,26.495551,0.48432,0,72.85071,1,0.028444,57.719667,0.670248,0,88.43668
1,0,66.583935,0.341134,0,432.528708,0.983,0.000022,70.166559,0.131072,0,582.567504,1,0,26.152753,0.411703,0.001228,136.294084,0.996,0,66.56246,0.787501,0.025987,413.688796
1,0,46.259909,0.251161,0,74.519214,0.991,0.003,129.990234,0.172817,0,147.972755,1,0.025289,30.133981,0.54737,0.074586,163.588227,1,0.035333,43.541774,0.511546,0.124852,175.595106
1,0,53.777481,0.243181,0,1.52382,0.997,0.003622,137.226322,0.155969,0.086326,66.462508,1,0.067,17.302221,0.277804,0.007655,4.886943,0.999,0.026911,29.521504,0.377299,0.066393,22.868432
1,0,55.004516,0.32444,0,1.326856,0.99,0.015422,137.656244,0.130322,0.00325,0.916462,1,0.066489,30.705175,0.627523,0,26.923817,1,0.025778,55.183761,0.559642,0.039061,17.087861
1,0,58.881463,0.353436,0,60.0452,0.99,0.000356,115.5219,0.1689,0,88.811555,1,0.057933,35.338894,0.564352,0,18.901652,0.997,0.026711,47.714097,0.546658,0.001949,51.31283
0.997,0.000733,44.366712,0.198412,0,0.575775,0.909,0.019533,69.068827,0.152254,0,0.240464,1,0.293711,23.281451,0.386983,0.535174,3.088189,1,0.0328,66.431695,0.397333,0.594315,218.007613
1,0,10.922081,0.078832,0,0.308749,0.996,0.002822,178.395711,0.220346,0,1.394599,1,0,39.556831,0.676811,0.052649,21.507063,0.993,0,50.325408,0.592713,0.011094,4.508379
1,0,45.711244,0.283872,0,83.293123,0.996,0.002244,133.584611,0.183708,0,446.105523,1,0.026467,10.529128,0.155106,0.054822,21.656795,1,0.026422,46.304591,0.615422,0.00803,245.938413
0.997,0,31.363471,0.214674,0,0.317067,0.938,0.039756,51.931937,0.116502,0,0.140184,1,0,43.604907,0.794124,0,6.691488,1,0,79.309579,0.446699,0,7.220156
0.993,0.0014,11.228167,0.053561,0,0.078175,0.969,0.798133,55.085587,0.101732,0.522951,0.11053,1,0.511733,2.218838,0.134459,0.277391,0.143663,1,0.6116,22.324394,0.083026,5.243742,0.142537
1,0,62.293257,0.337179,0,256.324991,0.991,0.000489,122.506522,0.198944,0,611.781978,1,0.025133,32.201833,0.572333,0,133.933017,1,0.032844,38.525302,0.463492,0.10065,64.904052
1,0,40.864844,0.291733,0,1.223958,0.987,0.001378,115.032197,0.105623,0.036047,0.950565,1,0.029667,31.418129,0.548691,0,36.232394,1,0.040822,47.271331,0.592511,0,4.12068
1,0,74.040248,0.368865,0,2.201255,0.985,0.0014,138.431771,0.170436,0,58.338268,1,0.062489,8.928028,0.134574,0,1.707127,1,0.109933,38.430638,0.276597,0.288859,1.097998
1,0,61.904863,0.350067,0,1.658654,0.986,0.0006,121.407423,0.204291,0,66.954848,1,0.089533,18.606385,0.330607,0,6.620647,1,0.041933,28.58098,0.384206,0.087031,11.237691
1,0,47.732434,0.313155,0,1.348193,0.983,0.002178,161.847135,0.203609,0,1.277356,1,0.055178,15.101284,0.342289,0,16.560765,0.999,0.033489,21.329985,0.247632,0.331389,2.462985
