0.997000,0.000000,14.503102,0.074635,0.000000,0.250024,0.978000,0.038756,123.574311,0.174520,0.000000,0.579683,1.000000,0.000000,139.071457,0.201801,0.034381,0.457737,0.974000,0.014644,178.272195,0.155139,0.020573,0.173590,1.000000,0.185067,70.881069,1.239711,0.001961,52.011197,0.998000,0.024467,92.366852,0.610330,0.000000,61.629130
0.997000,0.000867,16.719214,0.150591,0.000000,248.502732,0.958000,0.005822,83.948572,0.104449,0.024289,1559.641172,1.000000,0.000000,0.000000,0.107385,0.421917,0.000000,0.936000,0.176089,24.475221,0.006567,0.531806,208.859189,1.000000,0.073000,33.332320,0.573679,0.000000,213.913138,1.000000,0.152289,47.116869,0.684312,0.879618,525.018313
1.000000,0.000000,52.261567,0.349552,0.000000,532.182404,0.989000,0.000289,57.681785,0.156264,0.000000,685.302384,1.000000,0.000000,0.000000,0.055924,0.421917,0.000000,0.927000,0.001178,62.580012,0.120611,0.011134,0.034404,1.000000,0.000000,58.271134,1.115099,0.000000,627.061604,1.000000,0.000000,45.274702,0.814794,1.888886,361.112856
0.997000,0.000000,7.129626,0.042397,0.000000,0.089366,0.983000,0.039644,175.235070,0.231950,0.000000,0.773591,1.000000,0.000000,141.250398,0.182016,0.023185,0.452832,0.973000,0.000000,178.696858,0.106324,0.000000,0.145785,1.000000,0.213978,64.646077,1.060921,0.000000,9.211827,0.998000,0.043533,84.110104,0.477746,0.000697,10.162897
0.996000,0.000778,24.303545,0.194590,0.000000,0.326663,0.983000,0.776956,72.910637,0.083077,0.471277,0.264393,1.000000,0.354422,0.000000,0.093557,0.733502,0.000000,0.971000,0.623533,34.381292,0.034014,0.597614,0.016608,1.000000,0.370044,26.618800,0.490203,0.588185,2.928052,1.000000,0.047822,61.750802,0.546299,0.698997,23.752078
1.000000,0.000000,44.478392,0.293699,0.000000,12.419406,0.993000,0.014844,188.347393,0.245494,0.000000,217.580552,1.000000,0.000000,114.773664,0.136451,0.044488,0.318763,0.988000,0.021200,482.122554,0.235454,0.064630,0.495154,1.000000,0.000000,22.099241,0.368164,0.001346,16.157074,1.000000,0.000000,28.562993,0.320789,0.045533,1.684642
0.997000,0.000000,26.417759,0.181634,0.004616,0.216564,0.898000,0.022489,18.259767,0.109147,0.020483,0.091900,1.000000,0.000000,0.000000,0.127193,0.421917,0.000000,0.928000,0.030533,72.573368,0.033139,0.196647,0.054503,1.000000,0.000000,50.115157,0.930827,0.000000,24.802793,1.000000,0.000000,11.313174,0.129922,2.752333,0.351454
0.997000,0.000711,20.647314,0.167795,0.000000,175.314025,0.957000,0.006000,80.373495,0.172210,0.000000,847.631746,1.000000,0.000000,0.000000,0.092458,0.421917,0.000000,0.936000,0.176156,19.910810,0.006736,0.531604,0.008752,1.000000,0.082600,31.192040,0.562669,0.000000,423.950055,1.000000,0.169511,41.811929,0.598042,1.042371,314.846821
0.998000,0.000000,23.219170,0.157876,0.000000,0.400685,0.972000,0.000422,50.490538,0.134730,0.000000,0.235027,1.000000,0.000000,0.000000,0.030236,0.421917,0.000000,0.921000,0.102844,14.176015,0.009869,0.484797,0.002364,1.000000,0.066578,36.349892,0.633624,0.000000,22.444593,0.999000,0.165978,47.724063,0.425057,0.925311,1.044425
1.000000,0.000000,52.380126,0.308013,0.000000,1.127045,0.977000,0.000000,108.540692,0.102640,0.016466,0.642616,1.000000,0.000000,131.877998,0.134007,0.050698,0.378937,0.958000,0.000000,126.882694,0.145989,0.000000,0.078498,1.000000,0.000000,21.437289,0.360036,0.011930,3.393813,1.000000,0.000000,39.856105,0.391163,0.023329,10.177890
1.000000,0.000000,76.617269,0.401239,0.000000,76.416762,0.988000,0.000000,121.674452,0.161701,0.000000,44.383730,1.000000,0.000000,114.518012,0.078462,0.046310,0.318314,0.965000,0.013933,136.493392,0.140990,0.000000,0.100124,1.000000,0.028511,18.765691,0.333177,0.000000,32.468401,1.000000,0.045711,27.962161,0.297826,0.089954,11.096238
0.987000,0.000000,30.407475,0.115369,0.033986,91.268145,0.943000,0.316067,47.556835,0.120308,0.461520,116.044123,1.000000,0.000000,0.000000,0.094081,0.421917,0.000000,0.935000,0.141733,85.128414,0.135906,0.367718,294.103812,1.000000,0.000000,17.897945,0.329960,0.025388,41.769735,1.000000,0.000000,3.710634,0.094787,8.784183,11.168355
1.000000,0.042156,16.793844,0.173873,0.000000,0.277874,0.987000,0.876178,74.284327,0.160833,0.408362,0.335424,1.000000,0.354422,0.000000,0.022851,0.460726,0.000000,0.960000,0.623578,0.000000,0.009752,0.651194,0.000000,1.000000,0.294356,7.926149,0.163476,0.428194,1.178741,1.000000,0.414889,49.435657,0.343512,1.424733,0.946192
0.985000,0.001911,7.047221,0.049567,0.000000,0.123571,0.966000,0.034333,70.409389,0.073373,0.232281,0.268036,1.000000,0.354422,0.000000,0.060078,0.454594,0.000000,0.970000,0.623889,45.207706,0.109566,0.542786,0.024768,1.000000,0.473978,8.084945,0.264989,0.359213,1.315010,1.000000,0.611578,4.699449,0.081685,9.627782,0.084079
0.984000,0.000000,16.662313,0.154394,0.000000,0.140005,0.931000,0.057822,28.137373,0.116677,0.016417,0.112352,1.000000,0.000000,0.000000,0.070584,0.421917,0.000000,0.901000,0.035044,59.055759,0.028367,0.242101,0.031704,1.000000,0.000000,39.172570,0.708322,0.000000,17.013560,0.999000,0.000000,23.273941,0.324314,2.566983,0.532470
1.000000,0.000000,43.523021,0.186643,0.000000,1.064939,0.989000,0.016956,152.627556,0.149768,0.000000,1.023133,1.000000,0.000000,122.378096,0.068568,0.081026,0.365542,0.986000,0.152889,184.899286,0.150194,0.166180,0.168546,1.000000,0.063511,25.721835,0.433121,0.000000,20.319406,1.000000,0.030000,45.884304,0.452007,0.005034,7.638711
1.000000,0.000000,27.499248,0.117138,0.000000,0.609918,0.994000,0.061733,92.853284,0.173784,0.000000,0.565762,1.000000,0.000000,134.146678,0.160618,0.041032,0.435506,0.986000,0.018089,331.186049,0.188799,0.036619,0.350199,1.000000,0.066644,43.003253,0.753371,0.000000,19.922290,1.000000,0.044956,90.545475,0.922047,0.031300,8.556673
1.000000,0.000000,48.286852,0.298225,0.058522,1.131423,0.986000,0.000667,143.097602,0.191656,0.000000,12.869592,1.000000,0.000000,125.347253,0.067056,0.089471,0.382731,0.978000,0.079733,145.830354,0.122550,0.100958,0.123017,1.000000,0.000000,12.084307,0.207074,0.078637,6.207543,1.000000,0.000000,27.923492,0.444414,0.011482,130.099659
0.999000,0.000067,25.408447,0.176517,0.000000,0.488291,0.990000,0.074378,49.671952,0.103343,0.130591,0.259202,1.000000,0.359533,0.000000,0.233458,1.012972,0.000000,0.977000,0.622422,63.939397,0.067795,0.488408,0.031216,1.000000,0.246133,46.194435,0.884887,0.148598,7.980159,0.996000,0.427200,30.335220,0.328396,2.015178,0.689385
1.000000,0.000000,64.658929,0.296099,0.000000,21.628145,0.968000,0.001356,71.059052,0.162465,0.000000,76.591899,1.000000,0.000000,0.000000,0.100705,0.421917,0.000000,0.899000,0.038533,22.081712,0.048587,0.085411,0.008044,1.000000,0.048711,59.235047,0.946316,0.000000,39.737714,1.000000,0.059156,71.919362,0.772339,0.812451,224.771786
1.000000,0.000000,25.738118,0.180830,0.000000,353.495883,0.989000,0.000000,45.076362,0.114948,0.000000,699.758159,1.000000,0.000000,0.000000,0.026227,0.421917,0.000000,0.964000,0.253667,60.353646,0.119691,0.236698,0.036651,1.000000,0.021511,67.420926,1.299457,0.041206,894.518752,1.000000,0.093400,65.806590,1.324277,1.020074,760.118163
1.000000,0.000000,51.119451,0.320736,0.000000,1.313947,0.989000,0.001244,127.946676,0.131244,0.000000,71.113407,1.000000,0.000000,124.164437,0.153672,0.033367,0.354974,0.978000,0.003889,273.478913,0.175532,0.000000,0.250367,1.000000,0.000000,19.898854,0.379703,0.000000,5.913739,1.000000,0.000000,31.968202,0.380411,0.013006,9.332932
0.999000,0.000000,16.867925,0.145095,0.000000,0.250720,0.960000,0.000311,80.774208,0.149360,0.000000,0.326116,1.000000,0.000000,128.421266,0.204669,0.021915,0.376045,0.976000,0.003378,211.101365,0.127067,0.000000,0.178007,1.000000,0.000000,38.317703,0.691790,0.000000,6.773587,1.000000,0.000000,127.125227,0.849694,0.000000,11.651485
1.000000,0.000000,58.904012,0.293345,0.000000,791.556783,0.983000,0.008378,64.768620,0.075505,0.000000,923.609829,1.000000,0.000000,0.000000,0.098248,0.421917,0.000000,0.900000,0.036844,12.938357,0.103012,0.066039,0.004469,1.000000,0.000000,18.331705,0.379262,0.010110,194.552574,0.985000,0.000000,72.522670,1.169063,0.116086,747.390661
1.000000,0.000000,49.884931,0.267680,0.000000,1.414523,0.984000,0.000378,146.565955,0.210843,0.000000,1.140372,1.000000,0.000000,98.576718,0.130418,0.027994,0.246269,0.980000,0.176156,135.350011,0.115247,0.181204,0.104257,1.000000,0.075556,14.428216,0.273121,0.000000,3.191100,1.000000,0.065489,27.577265,0.371784,0.095285,3.110674
1.000000,0.000000,71.145705,0.429079,0.000000,673.497286,0.980000,0.004133,58.998511,0.065709,0.042530,604.432936,1.000000,0.354422,0.000000,0.087227,0.733502,0.000000,0.979000,0.444756,67.636952,0.118310,0.426988,0.049889,1.000000,0.021800,58.398114,1.009377,0.000000,589.531678,1.000000,0.045956,57.288617,0.762669,0.136602,332.945742
1.000000,0.000000,48.908676,0.243459,0.000000,1.402620,0.992000,0.000978,174.861987,0.223417,0.000000,1.386921,1.000000,0.000000,138.799129,0.154739,0.043533,0.457749,0.979000,0.017844,180.776962,0.147320,0.021834,0.161820,1.000000,0.062333,23.679264,0.379241,0.103993,14.992519,1.000000,0.041378,22.227941,0.322231,0.098707,2.426529
0.998000,0.000000,50.688081,0.213411,0.000000,0.816390,0.955000,0.010822,58.853158,0.061753,0.020974,0.257439,1.000000,0.000000,0.000000,0.021523,0.421917,0.000000,0.920000,0.107422,3.991572,0.089157,0.327231,0.000270,1.000000,0.000000,40.042208,0.793658,0.000000,6.291506,1.000000,0.000000,70.493306,0.430432,0.236255,42.250194
1.000000,0.000000,53.745479,0.294726,0.000000,1.617439,0.989000,0.000756,148.248280,0.181657,0.000000,41.688692,1.000000,0.130467,147.366180,0.104425,0.173233,0.524538,0.978000,0.133489,132.886083,0.144879,0.115714,0.114809,1.000000,0.060489,23.626394,0.415599,0.085714,4.605456,0.999000,0.051378,29.025084,0.336260,0.476327,3.004947
1.000000,0.000000,5.326687,0.080572,0.000000,9.411130,0.996000,0.000133,209.376276,0.197746,0.015202,401.106467,1.000000,0.000000,113.203668,0.109143,0.008644,0.308359,0.978000,0.014889,217.540459,0.162028,0.012469,0.177133,1.000000,0.000000,18.104134,0.371932,0.000000,54.700955,1.000000,0.000000,27.525407,0.281350,0.034744,18.010303
1.000000,0.000000,71.395343,0.388679,0.000000,886.990854,0.996000,0.013778,139.153291,0.162616,0.000000,1953.938147,1.000000,0.126600,146.700568,0.074680,0.248858,0.516480,0.987000,0.257333,143.926518,0.068857,0.314725,0.121132,1.000000,0.021511,18.060854,0.256184,0.083452,106.539863,1.000000,0.031356,32.562997,0.385608,0.294731,65.702398
1.000000,0.000000,68.331309,0.319117,0.000000,7.567098,0.991000,0.000467,152.646342,0.233862,0.000000,72.080505,1.000000,0.146600,121.776914,0.096947,0.243899,0.360198,0.978000,0.111333,148.392733,0.101262,0.191809,0.132136,1.000000,0.041111,13.946418,0.305063,0.000000,7.281120,1.000000,0.066867,29.715541,0.381221,0.221623,4.483695
0.998000,0.000067,26.017635,0.098760,0.434226,0.296015,0.928000,0.000800,78.052906,0.158400,0.000000,0.241270,1.000000,0.000000,0.000000,0.095990,0.421917,0.000000,0.904000,0.023822,67.301500,0.083354,0.044619,0.037079,1.000000,0.406311,14.849699,0.285493,0.094005,0.808166,1.000000,0.156356,70.681392,0.383134,0.140960,5.255811
1.000000,0.000000,58.800257,0.318816,0.000000,1.640038,0.991000,0.000022,129.329228,0.150394,0.000000,36.314128,1.000000,0.177911,113.533477,0.137847,0.159395,0.312470,0.986000,0.226867,157.101933,0.156941,0.174459,0.137153,1.000000,0.075711,8.058881,0.139595,0.000000,2.487704,1.000000,0.064822,33.561138,0.326731,0.225153,1.667295
1.000000,0.000000,76.923946,0.362810,0.000000,100.661971,0.995000,0.001133,114.359815,0.188904,0.000000,10.327684,1.000000,0.000000,115.595495,0.107202,0.052814,0.335603,0.971000,0.033489,145.125284,0.160057,0.026568,0.132242,1.000000,0.029222,21.110871,0.384679,0.000000,50.426457,1.000000,0.046267,29.604571,0.386450,0.017107,20.376474
0.997000,0.000000,82.956877,0.425311,0.000000,1.449055,0.962000,0.124467,43.126374,0.133628,0.000000,0.204956,1.000000,0.000000,94.838819,0.105079,0.009894,0.241707,0.952000,0.010511,94.850540,0.081598,0.000000,0.064682,1.000000,0.000000,102.831949,1.762880,0.000000,17.012444,0.957000,0.000000,53.730510,0.386061,0.002402,1.683422
0.999000,0.000689,19.153376,0.134157,0.000000,30.925864,0.985000,0.000022,109.835793,0.157301,0.000000,135.470863,1.000000,0.139778,118.467709,0.147385,0.148437,0.349354,0.986000,0.230400,143.628591,0.141727,0.219468,0.125693,1.000000,0.028689,55.629995,1.049367,0.000000,163.912234,0.999000,0.024022,90.052051,1.162526,0.000000,317.975504
1.000000,0.000000,52.676237,0.267896,0.000000,1.104557,0.984000,0.003067,98.445422,0.097187,0.000000,0.618612,1.000000,0.000000,110.122568,0.142495,0.042319,0.313097,0.980000,0.160689,136.083108,0.148863,0.107872,0.112657,1.000000,0.057267,45.376830,0.769472,0.000000,19.949164,1.000000,0.038422,68.444627,0.715071,0.001974,7.939769
1.000000,0.000000,36.676323,0.237920,0.000000,18.416566,0.989000,0.004556,131.161799,0.210246,0.000000,199.892401,1.000000,0.000000,104.807758,0.124202,0.010574,0.266236,0.964000,0.015733,126.669617,0.108007,0.005883,0.092203,1.000000,0.030267,45.470041,0.715839,0.000000,20.288484,1.000000,0.025111,48.423419,0.629504,0.019289,223.970043
1.000000,0.000000,92.567288,0.510335,0.000000,1163.301387,0.996000,0.000444,100.652940,0.102548,0.097274,1429.689519,1.000000,0.000000,124.496047,0.094566,0.063292,0.380156,0.986000,0.189089,145.381823,0.149300,0.159405,0.134533,1.000000,0.025733,40.400693,0.649132,0.000000,132.113535,1.000000,0.032711,48.520868,0.607781,0.233966,421.357815
1.000000,0.000000,30.422792,0.221402,0.000000,0.784553,0.984000,0.002933,151.821012,0.189013,0.000000,1.077300,1.000000,0.000000,111.160010,0.135445,0.044061,0.295381,0.981000,0.004844,449.324268,0.146760,0.036505,0.405682,1.000000,0.000000,23.900876,0.401886,0.000000,9.741596,1.000000,0.000000,35.004022,0.335084,0.000000,1.792263
1.000000,0.000000,42.292642,0.275749,0.000000,1.138202,0.984000,0.004022,133.956039,0.168211,0.000000,49.033558,1.000000,0.150400,140.608137,0.068336,0.182794,0.475248,0.986000,0.258467,143.337458,0.116845,0.283741,0.128158,1.000000,0.081489,23.114106,0.332564,0.000000,4.305658,1.000000,0.045622,48.137674,0.355520,0.199367,102.630217
0.998000,0.000022,44.484607,0.283627,0.000000,1.012694,0.983000,0.001356,135.298657,0.189702,0.000000,0.845855,1.000000,0.225533,99.566252,0.075931,0.161458,0.249942,0.978000,0.102489,138.356703,0.119107,0.105191,0.112285,1.000000,0.085689,23.981713,0.387582,0.022763,4.909211,1.000000,0.103200,28.619999,0.367821,0.115806,1.055414
1.000000,0.000000,48.987405,0.310646,0.000000,8.606271,0.988000,0.003800,131.792780,0.148589,0.000000,91.421158,1.000000,0.000000,134.731814,0.112213,0.054612,0.419723,0.987000,0.029200,296.678576,0.204726,0.061074,0.321894,1.000000,0.052867,27.719096,0.467432,0.000000,42.136077,1.000000,0.024644,58.639663,0.729691,0.000000,9.954235
1.000000,0.000000,43.665360,0.233214,0.000000,53.266751,0.985000,0.000089,142.891636,0.207957,0.000000,1.402826,1.000000,0.000000,128.957558,0.131273,0.038447,0.396314,0.986000,0.024689,337.453946,0.220001,0.040256,0.374393,1.000000,0.041044,38.793446,0.731044,0.000000,68.618554,1.000000,0.027289,43.081216,0.514739,0.040423,39.180653
1.000000,0.000000,49.684629,0.291630,0.000000,1.605826,0.988000,0.049356,129.168620,0.180373,0.000000,74.645368,1.000000,0.215889,128.462702,0.137952,0.165631,0.374957,0.986000,0.417800,127.636086,0.067299,0.401602,0.090298,1.000000,0.069289,23.961966,0.375631,0.038859,8.473134,1.000000,0.094133,25.285351,0.297756,0.079985,18.759889
0.998000,0.003644,51.018894,0.250890,0.000000,373.334295,0.985000,0.214156,53.202262,0.123214,0.288903,405.582517,1.000000,0.000000,0.000000,0.012203,0.421917,0.000000,0.969000,0.261111,73.852797,0.098789,0.313899,0.044810,1.000000,0.039311,28.708430,0.591472,0.000000,46.514577,1.000000,0.347556,9.578643,0.192998,2.490275,30.689425
0.998000,0.001022,17.390830,0.098911,0.000000,0.358533,0.982000,0.561689,61.147682,0.073321,0.415346,0.330038,1.000000,0.354422,0.000000,0.001461,0.733502,0.000000,0.977000,0.460889,69.063814,0.027318,0.451003,0.042469,1.000000,0.040111,35.115868,0.672188,0.000000,81.337284,1.000000,0.218044,17.599973,0.272348,1.707553,9.449632
1.000000,0.000000,45.032561,0.204213,0.000000,59.446928,0.986000,0.000044,74.049214,0.143950,0.000000,143.626912,1.000000,0.135356,138.143596,0.162038,0.156319,0.452480,0.986000,0.251778,147.081260,0.151582,0.223183,0.131472,1.000000,0.081133,62.076616,1.114770,0.000000,129.342041,1.000000,0.039689,41.346728,0.398973,0.213384,214.842995
1.000000,0.000000,45.185063,0.299712,0.000000,1.280521,0.983000,0.000022,137.630029,0.215758,0.000000,12.520298,1.000000,0.000000,107.772567,0.048904,0.087278,0.278760,0.971000,0.045511,116.776317,0.141752,0.038308,0.089759,1.000000,0.000000,19.731792,0.377066,0.000000,6.746720,1.000000,0.000000,27.614498,0.335669,0.011460,72.580114
0.999000,0.000111,64.951788,0.288852,0.000000,479.642550,0.961000,0.002556,70.469785,0.092323,0.000000,662.811659,1.000000,0.000000,0.000000,0.056176,0.421917,0.000000,0.959000,0.104044,71.535054,0.033312,0.295260,0.041404,1.000000,0.162200,31.284230,0.524945,0.122016,36.261725,1.000000,0.050867,72.906082,0.706949,0.244327,478.832320
1.000000,0.000000,35.920517,0.212620,0.000000,1.064070,0.987000,0.000222,110.724095,0.120303,0.000000,0.917068,1.000000,0.000000,137.343428,0.107432,0.055931,0.449544,0.978000,0.069822,144.764200,0.055140,0.222383,0.124711,1.000000,0.035933,25.104054,0.433066,0.000000,23.257983,0.999000,0.043467,56.739252,0.671218,0.203224,4.518803
1.000000,0.000000,43.388665,0.239908,0.000000,1.056811,0.985000,0.004578,130.357254,0.178254,0.000000,0.869676,1.000000,0.000000,112.251984,0.056410,0.090318,0.317719,0.987000,0.053222,250.001852,0.182050,0.091301,0.233282,1.000000,0.097333,14.298150,0.270892,0.000000,3.225801,1.000000,0.044467,36.103033,0.349152,0.155481,2.035208
0.999000,0.000000,71.514587,0.382591,0.000000,1.389608,0.987000,0.010622,63.003427,0.130017,0.000000,0.334130,1.000000,0.359533,0.000000,0.109423,0.453031,0.000000,0.958000,0.198689,60.375317,0.099675,0.217177,0.032876,1.000000,0.142489,42.947430,0.772632,0.000000,8.473814,1.000000,0.043067,70.414809,0.519229,0.177639,192.356904
1.000000,0.000000,33.212961,0.196540,0.000000,0.995640,0.992000,0.000667,114.568402,0.176109,0.000000,0.987854,1.000000,0.000000,116.771218,0.144962,0.043141,0.331350,0.971000,0.014267,153.541601,0.117934,0.007140,0.129300,1.000000,0.037311,34.252918,0.567996,0.000000,21.338392,1.000000,0.032356,46.008910,0.532845,0.000000,3.523792
1.000000,0.000000,29.859637,0.146375,0.000000,0.752410,0.986000,0.001200,135.711466,0.187456,0.000000,28.906219,1.000000,0.149022,121.930012,0.061086,0.182997,0.359210,0.986000,0.153356,206.675591,0.102107,0.275234,0.193275,1.000000,0.103022,19.041293,0.337984,0.000000,5.925606,1.000000,0.029889,39.989168,0.349454,0.155462,20.490146
0.998000,0.000000,13.951528,0.144098,0.060073,0.272361,0.990000,0.038933,164.050056,0.225340,0.000000,1.184814,1.000000,0.000000,128.711027,0.084759,0.073269,0.370643,0.978000,0.017067,198.523747,0.117290,0.024136,0.160023,1.000000,0.000000,41.855269,0.761353,0.000000,16.490609,1.000000,0.000000,34.968313,0.392371,0.030216,1.168146
1.000000,0.000000,27.810032,0.203734,0.000000,28.491368,0.986000,0.003422,178.181145,0.180023,0.000000,112.310862,1.000000,0.000000,128.669227,0.131075,0.042730,0.392600,0.986000,0.032356,322.130532,0.203477,0.063732,0.337974,1.000000,0.061311,22.033831,0.429679,0.000000,7.131912,1.000000,0.032867,33.958560,0.388753,0.053609,16.199509
1.000000,0.000000,70.246052,0.375046,0.000000,2.084067,0.986000,0.001556,110.152724,0.104007,0.031775,16.014506,1.000000,0.143422,117.613812,0.123412,0.172643,0.344468,0.986000,0.509422,139.830342,0.110516,0.368735,0.119110,1.000000,0.046844,21.706732,0.398166,0.000000,25.310576,1.000000,0.048422,32.156004,0.385664,0.145938,3.473988
1.000000,0.000000,0.344236,0.004920,0.000000,0.010403,0.995000,0.004356,192.971670,0.208849,0.000000,1.753311,1.000000,0.000000,134.176086,0.159970,0.041072,0.426413,0.987000,0.029356,333.429903,0.214385,0.074125,0.331925,1.000000,0.037222,14.912584,0.277706,0.000000,16.433733,0.999000,0.041044,71.982335,0.885168,0.188110,5.234818
0.995000,0.008978,1.090281,0.011785,0.060299,0.022253,0.968000,0.155244,6.078377,0.097562,0.333815,0.032435,1.000000,0.000000,0.000000,0.029245,0.421917,0.000000,0.958000,0.319844,48.869683,0.109034,0.478222,0.021634,1.000000,0.161356,48.286204,0.910975,0.000000,9.376215,1.000000,0.255533,43.956438,0.499150,1.127342,1.056929
1.000000,0.000000,47.650169,0.199537,0.000000,1.023544,0.995000,0.001489,153.644508,0.130367,0.147543,0.908177,1.000000,0.000000,123.542713,0.197351,0.056789,0.361823,0.986000,0.023844,480.515558,0.151930,0.186668,0.475907,1.000000,0.000000,9.157615,0.170338,0.000000,0.752726,1.000000,0.000000,46.779205,0.341303,0.256972,44.687571
0.999000,0.000000,29.806120,0.181666,0.000000,89.362381,0.957000,0.033244,57.873833,0.116605,0.017019,338.008751,1.000000,0.000000,0.000000,0.102272,0.421917,0.000000,0.930000,0.052044,68.392814,0.102194,0.049307,0.042252,1.000000,0.000000,27.654095,0.592065,0.000000,50.603202,1.000000,0.000000,23.032505,0.344092,2.273310,107.087308
0.999000,0.000022,58.296651,0.266305,0.000000,1.516941,0.976000,0.009800,166.307147,0.224774,0.000000,1.191487,1.000000,0.000000,114.445727,0.125353,0.046991,0.315235,0.973000,0.003156,262.404221,0.122035,0.000000,0.203482,1.000000,0.083333,15.905418,0.340585,0.000000,5.774642,0.995000,0.073956,36.540373,0.374458,0.134973,1.247139
1.000000,0.000000,37.469202,0.261644,0.000000,39.031090,0.992000,0.011067,140.197139,0.162946,0.000000,143.233196,1.000000,0.000000,112.331934,0.092686,0.059900,0.298160,0.978000,0.094444,142.248114,0.111429,0.103289,0.107900,1.000000,0.035267,26.051655,0.514265,0.000000,41.223173,1.000000,0.060844,46.759536,0.553129,0.094021,93.281992
1.000000,0.000000,50.811227,0.273508,0.110642,1.415141,0.995000,0.003111,136.114501,0.194759,0.050979,68.946967,1.000000,0.137467,146.621176,0.253601,0.101448,0.511422,0.980000,0.194311,138.695860,0.140655,0.154009,0.106395,1.000000,0.081778,14.801245,0.263943,0.002065,2.473720,1.000000,0.032844,32.306334,0.367164,0.105671,2.837231
1.000000,0.000000,44.591089,0.197614,0.000000,47.800747,0.988000,0.001644,133.728832,0.114631,0.027388,158.320392,1.000000,0.000000,120.062877,0.133551,0.042876,0.355233,0.986000,0.021133,278.302119,0.197953,0.027007,0.263927,1.000000,0.027111,39.140291,0.701404,0.000000,60.139251,1.000000,0.034333,66.310961,0.774843,0.045833,339.726654
1.000000,0.000000,42.681206,0.267588,0.000000,1.239976,0.993000,0.012511,143.263767,0.217241,0.000000,22.081747,1.000000,0.000000,144.442466,0.126162,0.052574,0.493793,0.986000,0.023356,282.956469,0.180560,0.039851,0.276020,1.000000,0.065400,17.167644,0.337285,0.000000,5.466488,0.999000,0.030422,71.808101,0.788354,0.034535,219.241704
1.000000,0.000000,83.927067,0.400796,0.000000,2.012677,0.987000,0.028578,103.283782,0.167451,0.000000,46.881687,1.000000,0.000000,112.988421,0.123894,0.031182,0.309472,0.962000,0.097578,73.758626,0.092842,0.081203,0.049517,1.000000,0.000000,10.252170,0.199661,0.000000,2.396785,1.000000,0.000000,31.879783,0.319112,0.072585,24.208397
1.000000,0.000000,55.191688,0.271970,0.000000,1.651465,0.992000,0.000422,140.950334,0.213955,0.000000,97.468544,1.000000,0.132644,127.847082,0.088816,0.161364,0.388448,0.988000,0.177644,220.841475,0.174661,0.172979,0.203493,1.000000,0.053000,14.056201,0.265707,0.000000,5.962775,1.000000,0.032622,31.695339,0.365638,0.063397,42.295179
1.000000,0.060267,44.282798,0.263116,0.024969,4.928864,0.986000,0.001867,73.271655,0.118661,0.128160,48.429653,1.000000,0.359533,0.000000,0.176079,1.012972,0.000000,0.973000,0.398733,71.322337,0.099948,0.425919,0.034968,1.000000,0.066800,34.999607,0.601718,0.096935,19.028087,1.000000,0.082222,67.367134,0.782568,0.821277,7.118345
0.999000,0.000000,51.768000,0.339418,0.000000,0.983516,0.923000,0.014556,45.331153,0.080386,0.003879,0.220908,1.000000,0.000000,0.000000,0.096169,0.421917,0.000000,0.911000,0.025111,74.454897,0.048933,0.064369,0.043873,1.000000,0.000000,9.521048,0.241688,0.258861,1.626246,1.000000,0.000000,5.924174,0.089065,6.088301,0.117831
1.000000,0.000000,47.532973,0.312815,0.000000,12.752816,0.986000,0.003956,142.581568,0.173271,0.000000,112.125990,1.000000,0.148444,115.381312,0.148813,0.147542,0.331650,0.972000,0.100489,104.165289,0.137984,0.075047,0.076917,1.000000,0.068267,12.807421,0.224592,0.035579,2.986901,1.000000,0.057889,29.285934,0.336183,0.069114,88.831137
0.999000,0.000000,50.415710,0.287349,0.000000,0.933674,0.955000,0.001400,73.103178,0.093093,0.000000,0.371437,1.000000,0.000000,0.000000,0.017786,0.421917,0.000000,0.954000,0.118711,65.116386,0.117883,0.078857,0.032013,1.000000,0.230600,11.022779,0.170995,0.053224,1.382397,1.000000,0.081178,69.982264,0.510095,0.124070,80.329529
1.000000,0.000000,52.161456,0.249886,0.000000,10.192889,0.986000,0.002489,131.312435,0.206913,0.000000,103.168482,1.000000,0.000000,133.488540,0.070592,0.071560,0.420587,0.981000,0.035778,207.753797,0.150601,0.076126,0.188943,1.000000,0.000000,13.168087,0.247959,0.000000,8.569911,1.000000,0.000000,40.900626,0.356413,0.072328,5.595912
1.000000,0.000000,41.445290,0.284712,0.000000,1.308760,0.993000,0.005422,120.307731,0.172777,0.000000,43.310258,1.000000,0.000000,126.987521,0.108655,0.049784,0.388150,0.977000,0.019911,224.258785,0.183548,0.019249,0.210893,1.000000,0.000000,28.278293,0.453283,0.005368,30.243916,0.999000,0.000000,50.553283,0.600639,0.000000,5.599105
1.000000,0.000000,41.352805,0.250893,0.000000,0.904908,0.978000,0.013911,120.208295,0.158802,0.000000,0.725886,1.000000,0.000000,114.918328,0.150163,0.041032,0.308328,0.950000,0.014111,97.080975,0.071438,0.007868,0.062276,1.000000,0.000000,21.315693,0.376074,0.000000,3.428476,1.000000,0.000000,36.504387,0.376290,0.003228,109.915452
1.000000,0.000000,29.619869,0.244231,0.000000,403.828742,0.993000,0.000467,69.612144,0.160993,0.000000,1070.563327,1.000000,0.359533,0.000000,0.070353,0.453031,0.000000,0.979000,0.553933,72.295310,0.115332,0.458032,0.042803,1.000000,0.015556,69.781926,1.267307,0.000000,886.843254,1.000000,0.065044,74.200457,1.209085,0.401194,794.509436
1.000000,0.000000,62.687904,0.385395,0.000000,68.596110,0.988000,0.000044,173.206772,0.185998,0.000000,44.118377,1.000000,0.138489,117.705594,0.073890,0.177431,0.348334,0.986000,0.156089,210.211722,0.171080,0.175689,0.198842,1.000000,0.030800,21.714761,0.368919,0.042584,36.055081,1.000000,0.029378,27.529316,0.295475,0.039198,11.939305
0.996000,0.000000,21.550053,0.178439,0.000000,0.188370,0.910000,0.017289,50.905758,0.136668,0.000000,0.120740,1.000000,0.000000,0.000000,0.050968,0.421917,0.000000,0.916000,0.020022,68.068372,0.027216,0.203974,0.040488,1.000000,0.000000,1.251517,0.106703,0.096625,0.100340,1.000000,0.000000,30.739596,0.137809,2.853659,0.264483
0.999000,0.000000,41.307185,0.222738,0.000000,0.827169,0.964000,0.007622,44.423514,0.089251,0.000000,0.244910,1.000000,0.000000,0.000000,0.002537,0.421917,0.000000,0.947000,0.152444,67.096266,0.096660,0.222372,0.038259,1.000000,0.000000,37.950759,0.741047,0.000000,6.743685,1.000000,0.000000,59.146467,0.523081,1.133880,1.471429
1.000000,0.000000,29.261132,0.145992,0.000000,201.260532,0.995000,0.004111,74.552822,0.119362,0.000000,659.812591,1.000000,0.359533,0.000000,0.050797,0.453031,0.000000,0.972000,0.337333,50.831591,0.112098,0.401769,0.036102,1.000000,0.029444,65.551579,1.156317,0.000000,431.992042,0.998000,0.038111,73.693932,0.971724,0.026057,437.133962
1.000000,0.000000,75.325385,0.406954,0.000000,78.243828,0.987000,0.000000,78.064497,0.066449,0.024474,79.568159,1.000000,0.000000,0.000000,0.033602,0.421917,0.000000,0.908000,0.036222,19.681643,0.090149,0.064022,0.009029,1.000000,0.067600,32.353578,0.549941,0.000000,46.408796,1.000000,0.044222,73.353308,0.682489,0.478500,336.646539
1.000000,0.000000,37.650654,0.247584,0.000000,494.563522,0.989000,0.001444,161.550291,0.223443,0.000000,2335.173625,1.000000,0.000000,144.838291,0.092853,0.072470,0.487798,0.985000,0.025800,270.388460,0.198133,0.039248,0.260250,1.000000,0.021511,20.109676,0.372417,0.000000,188.975642,1.000000,0.048822,29.791279,0.384281,0.076279,41.256211
0.994000,0.000156,46.070921,0.157425,0.054122,0.313736,0.965000,0.932556,67.297712,0.141791,0.529321,0.122744,1.000000,0.359533,0.000000,0.006142,0.460726,0.000000,0.912000,0.094133,0.000000,0.101382,0.160672,0.000000,1.000000,0.429667,11.734095,0.268462,0.133715,1.012315,1.000000,0.058000,54.034992,0.387264,0.549603,125.628927
1.000000,0.000000,8.385550,0.136292,0.000000,0.236751,0.987000,0.000000,145.629250,0.186533,0.000000,1.139903,1.000000,0.000000,143.514472,0.134065,0.045675,0.471398,0.986000,0.023400,514.725136,0.231141,0.045323,0.550197,1.000000,0.055911,45.918289,0.799430,0.000000,25.196272,1.000000,0.046600,51.834269,0.631177,0.000000,4.296725
1.000000,0.000044,24.554935,0.163290,0.000000,0.483446,0.973000,0.000889,77.593272,0.090148,0.145513,0.420583,1.000000,0.359533,0.000000,0.217493,0.453031,0.000000,0.963000,0.311800,46.681857,0.112605,0.423156,0.018155,1.000000,0.208133,53.790851,0.801774,0.213589,8.303971,1.000000,0.102489,73.111730,0.516231,0.560152,7.563949
1.000000,0.000000,48.556709,0.306761,0.000000,654.557653,0.989000,0.000000,62.322531,0.072399,0.000000,947.667382,1.000000,0.000000,0.000000,0.037254,0.421917,0.000000,0.953000,0.126756,46.992165,0.107750,0.118497,0.025636,1.000000,0.015556,71.686216,1.261454,0.000000,886.234914,1.000000,0.041711,70.916894,1.053136,0.095571,601.035297
1.000000,0.000000,60.235543,0.345964,0.000000,59.849122,0.990000,0.003289,158.751486,0.217066,0.000000,20.908172,1.000000,0.000000,136.895767,0.088867,0.068549,0.436197,0.987000,0.026800,507.786659,0.214446,0.083994,0.552583,1.000000,0.033044,16.113850,0.304108,0.000000,47.115662,1.000000,0.026667,31.519439,0.385188,0.137370,30.305954
1.000000,0.000000,53.001959,0.318914,0.000000,1.596094,0.992000,0.003556,134.715368,0.121169,0.055781,1.196623,1.000000,0.135044,141.316484,0.098980,0.179317,0.468143,0.986000,0.177911,190.783104,0.150407,0.178277,0.173116,1.000000,0.028156,21.862487,0.357684,0.000000,15.268322,1.000000,0.048578,31.287982,0.379932,0.011555,2.811692
0.999000,0.000000,39.778321,0.212776,0.000000,0.983715,0.980000,0.008267,69.143786,0.124722,0.000000,0.458438,1.000000,0.354422,0.000000,0.089987,0.453031,0.000000,0.980000,0.623044,72.317396,0.064970,0.482605,0.039282,1.000000,0.093644,62.392295,1.022137,0.126832,13.487113,1.000000,0.068267,74.755486,0.799321,0.061239,52.553216
1.000000,0.000000,43.077461,0.259443,0.000000,1.185137,0.992000,0.008756,109.009317,0.181708,0.000000,0.827431,1.000000,0.000000,137.408166,0.130345,0.050313,0.457448,0.987000,0.023378,314.247260,0.216479,0.031847,0.334663,1.000000,0.038533,61.211403,1.109513,0.000000,40.370488,1.000000,0.045178,61.885958,0.731744,0.231734,5.242121
1.000000,0.000000,36.504336,0.212165,0.000000,1.121022,0.996000,0.008933,135.789125,0.207983,0.000000,1.151286,1.000000,0.149733,137.939158,0.088584,0.174493,0.457381,0.986000,0.246556,151.194037,0.151040,0.197514,0.133143,1.000000,0.041578,31.227240,0.620051,0.000000,46.472880,1.000000,0.028533,58.630752,0.684023,0.000000,222.767961
0.999000,0.000000,26.894662,0.201804,0.000000,0.740257,0.991000,0.041844,77.479047,0.164340,0.000000,0.591436,1.000000,0.000000,0.000000,0.053698,0.421917,0.000000,0.936000,0.034733,60.185041,0.122534,0.022068,0.034077,1.000000,0.000000,68.272011,1.181340,0.000000,16.271777,1.000000,0.000000,66.478920,0.646045,0.147718,2.526459
0.999000,0.000000,27.712830,0.178028,0.000000,0.563090,0.990000,0.099378,68.331290,0.156269,0.057941,0.359188,1.000000,0.000000,0.000000,0.205086,0.421917,0.000000,0.958000,0.070489,73.487062,0.128055,0.042443,0.049968,1.000000,0.000000,1.450702,0.033982,0.222862,0.264638,1.000000,0.000000,58.028088,0.587002,1.508907,1.408106
1.000000,0.000000,32.615054,0.247168,0.000000,54.726485,0.992000,0.001822,104.111943,0.104403,0.000000,199.040220,1.000000,0.000000,147.170656,0.109926,0.059866,0.493047,0.978000,0.050978,149.170073,0.139757,0.065006,0.131044,1.000000,0.026044,44.557608,0.811036,0.000000,101.211457,1.000000,0.043844,54.420409,0.658288,0.114185,59.668333
0.996000,0.006267,1.675550,0.021552,0.000000,1.647384,0.986000,0.000489,141.792276,0.171760,0.000000,1.442276,1.000000,0.000000,137.454471,0.150753,0.043599,0.448329,0.974000,0.029800,146.900461,0.149573,0.027704,0.125710,1.000000,0.032244,29.374323,0.508815,0.000000,47.398824,0.999000,0.032711,56.910151,0.742388,0.089563,44.814055
0.996000,0.010000,2.256143,0.037867,0.000000,0.042065,0.989000,0.013489,66.003270,0.104513,0.000000,0.384018,1.000000,0.000000,139.466546,0.173136,0.031232,0.457229,0.977000,0.003022,225.763661,0.161274,0.000000,0.205943,1.000000,0.143156,57.777764,1.070425,0.000000,12.185436,0.994000,0.030800,117.847531,0.950655,0.248860,174.625496
1.000000,0.000000,33.085470,0.219259,0.117284,0.903432,0.980000,0.004600,89.961759,0.108021,0.000000,0.681375,1.000000,0.000000,125.941793,0.125382,0.046466,0.369533,0.978000,0.089000,144.980356,0.152522,0.078930,0.112908,1.000000,0.031089,78.318585,1.226407,0.046853,47.008031,1.000000,0.059933,52.904316,0.594921,0.073945,2.689379
1.000000,0.000000,13.519714,0.063251,0.000000,0.331359,0.981000,0.000733,72.666012,0.130597,0.000000,0.491950,1.000000,0.000000,0.000000,0.029901,0.421917,0.000000,0.887000,0.036756,3.006745,0.000769,0.377541,0.000593,1.000000,0.000000,70.212958,1.113027,0.085545,13.803913,1.000000,0.000000,72.044570,0.586152,0.356171,15.945445
1.000000,0.000000,31.469029,0.168579,0.000000,134.723431,0.980000,0.000800,73.821622,0.120873,0.000000,352.752698,1.000000,0.000000,0.000000,0.103369,0.421917,0.000000,0.928000,0.016156,54.440299,0.079743,0.006943,0.026905,1.000000,0.000000,69.805224,1.286537,0.000000,322.069631,1.000000,0.000000,65.377696,0.894009,0.073063,318.057430
1.000000,0.000000,84.034293,0.392517,0.000000,41.874537,0.987000,0.000000,129.722793,0.142431,0.000000,195.879741,1.000000,0.000000,140.184707,0.128462,0.033128,0.444969,0.979000,0.017600,218.940492,0.171175,0.007740,0.177555,1.000000,0.000000,14.766904,0.232304,0.000000,13.570459,1.000000,0.000000,22.329312,0.261674,0.052137,1.513937
1.000000,0.000000,60.312950,0.324496,0.000000,144.910598,0.986000,0.000400,131.255461,0.222491,0.000000,234.018426,1.000000,0.000000,119.441421,0.120099,0.040052,0.346588,0.968000,0.017000,149.922748,0.113624,0.017130,0.118838,1.000000,0.025689,18.796947,0.389550,0.000000,37.546670,1.000000,0.031733,30.266461,0.401402,0.034143,15.029243
1.000000,0.000000,44.779501,0.226096,0.000000,1.332990,0.984000,0.000000,136.187141,0.143328,0.000000,1.136377,1.000000,0.000000,110.023488,0.137669,0.015616,0.291735,0.966000,0.004711,180.042713,0.080420,0.001809,0.150243,1.000000,0.056844,32.223418,0.578303,0.000000,50.068192,1.000000,0.032200,41.479470,0.489168,0.017448,38.273137
1.000000,0.000000,33.391806,0.190622,0.000000,0.980984,0.986000,0.000067,146.623389,0.181088,0.000000,1.238950,1.000000,0.000000,119.064824,0.102781,0.055034,0.352923,0.974000,0.021867,148.434764,0.070362,0.094995,0.127121,1.000000,0.047978,14.381753,0.294698,0.000000,16.573871,1.000000,0.032022,39.184020,0.380245,0.142755,3.702512
1.000000,0.000000,89.075219,0.441234,0.000000,2.480244,0.985000,0.000000,124.086322,0.159708,0.000000,0.959048,1.000000,0.000000,116.155347,0.120447,0.050257,0.330318,0.986000,0.025911,528.442306,0.271526,0.028858,0.573554,1.000000,0.046222,22.591907,0.473856,0.000000,11.825486,1.000000,0.054356,42.527846,0.468585,0.217317,2.149190
1.000000,0.000000,76.088949,0.442131,0.000000,2.297842,0.986000,0.000067,72.354308,0.102192,0.000000,14.424208,1.000000,0.000000,0.000000,0.079628,0.421917,0.000000,0.941000,0.106800,38.732359,0.113795,0.108875,0.018967,1.000000,0.052800,25.601627,0.477189,0.000000,6.280337,0.999000,0.065933,75.218695,0.918838,0.374301,3.753491
1.000000,0.000000,33.833783,0.211459,0.000000,0.795075,0.981000,0.000311,73.753525,0.091360,0.084791,0.478296,1.000000,0.354422,0.000000,0.122713,0.453031,0.000000,0.964000,0.310533,52.209105,0.113499,0.386047,0.021264,1.000000,0.136578,52.493678,0.795597,0.123852,9.317313,1.000000,0.103800,68.880513,0.596024,0.252790,7.767813
1.000000,0.000000,46.747267,0.231134,0.000000,1.219407,0.993000,0.008911,155.294017,0.200457,0.114487,1.111000,1.000000,0.000000,133.016943,0.194131,0.054191,0.397765,0.981000,0.031844,199.907394,0.156093,0.032473,0.151172,1.000000,0.000000,17.754045,0.364392,0.000000,3.473613,1.000000,0.000000,20.274896,0.233272,0.081785,0.578716
1.000000,0.000000,51.738705,0.232431,0.064587,1.535092,0.992000,0.000689,119.651300,0.151615,0.000000,84.877263,1.000000,0.143378,129.574145,0.080691,0.171366,0.392625,0.979000,0.127422,142.164668,0.143127,0.102977,0.121083,1.000000,0.058356,21.435355,0.353811,0.078536,12.258388,1.000000,0.030556,42.422548,0.374441,0.187946,96.914420
1.000000,0.000000,43.138116,0.258644,0.000000,55.757241,0.986000,0.001800,126.473414,0.129783,0.000000,21.481912,1.000000,0.000000,130.719697,0.141054,0.042595,0.403622,0.986000,0.028133,278.244570,0.190842,0.039417,0.288369,1.000000,0.042400,44.704650,0.794221,0.000000,108.031695,1.000000,0.029022,64.523106,0.735012,0.012525,62.976412
0.999000,0.008000,24.344207,0.107545,0.149506,0.427059,0.977000,0.197622,75.020358,0.061509,0.350316,0.358308,1.000000,0.354422,0.000000,0.010769,0.460726,0.000000,0.976000,0.623911,55.711654,0.060937,0.502441,0.028916,1.000000,0.290556,24.605273,0.400168,0.501301,3.706272,1.000000,0.095756,78.110068,0.533602,1.029351,130.328947
1.000000,0.000000,58.495159,0.336410,0.000000,1.452174,0.993000,0.002778,81.829660,0.157629,0.000000,6.428512,1.000000,0.000000,118.035296,0.140960,0.045145,0.333700,0.986000,0.031733,319.760920,0.191859,0.065158,0.282243,1.000000,0.096644,27.767903,0.531092,0.000000,7.929236,1.000000,0.045067,67.946717,0.702969,0.111711,14.796470
1.000000,0.000000,39.992731,0.251057,0.000000,75.520403,0.985000,0.000089,108.532677,0.151853,0.000000,202.600159,1.000000,0.000000,119.626851,0.133282,0.045718,0.362015,0.979000,0.064311,143.570017,0.150775,0.074562,0.125121,1.000000,0.036622,36.660790,0.683724,0.000000,60.210622,1.000000,0.022778,76.676926,0.904145,0.000000,313.450568
1.000000,0.000000,19.368677,0.140107,0.000000,0.471616,0.993000,0.041778,95.989805,0.089126,0.117737,0.647819,1.000000,0.232422,128.934472,0.081657,0.180711,0.381382,0.985000,0.249422,148.416655,0.144492,0.196497,0.120938,1.000000,0.114844,78.142180,1.143235,0.102472,13.986706,1.000000,0.087267,46.831029,0.419013,0.219571,7.446742
1.000000,0.000000,65.047717,0.395155,0.000000,2.029342,0.984000,0.000022,159.038382,0.173978,0.033013,32.817836,1.000000,0.000000,114.293309,0.134710,0.028967,0.315759,0.982000,0.032911,236.061939,0.181502,0.031597,0.196519,1.000000,0.000000,9.381191,0.134093,0.073559,2.343289,1.000000,0.000000,25.813118,0.313736,0.048423,2.887784
1.000000,0.000000,46.271702,0.278598,0.000000,1.461086,0.983000,0.001244,144.635309,0.180938,0.000000,21.237314,1.000000,0.000000,117.011475,0.140285,0.035501,0.345740,0.961000,0.016556,128.387452,0.127346,0.010417,0.112587,1.000000,0.000000,12.347601,0.275600,0.000000,27.993239,1.000000,0.000000,40.958117,0.467490,0.000000,222.524849
0.997000,0.000000,11.264790,0.146030,0.000000,0.198469,0.989000,0.000000,105.465373,0.108225,0.000000,0.528275,1.000000,0.000000,155.252876,0.190975,0.038185,0.584499,0.981000,0.007911,274.965921,0.187674,0.000000,0.282601,1.000000,0.000000,133.970557,2.115306,0.000000,38.579211,1.000000,0.000000,39.153574,0.551774,0.011336,46.520890
0.999000,0.000000,48.098602,0.292919,0.000000,0.790038,0.979000,0.000933,119.901140,0.128189,0.012608,0.550275,1.000000,0.000000,133.452133,0.193625,0.030061,0.444583,0.980000,0.012778,224.049740,0.169258,0.008225,0.208684,1.000000,0.000000,126.239941,2.092581,0.000000,70.892570,0.995000,0.000000,52.608722,0.523865,0.012126,26.075570
0.999000,0.000000,36.052850,0.161349,0.000000,0.801032,0.993000,0.014022,189.360922,0.235515,0.008137,1.148822,1.000000,0.000000,127.377136,0.198654,0.023727,0.378267,0.951000,0.015333,122.323905,0.144197,0.000000,0.098448,1.000000,0.000000,22.404840,0.389528,0.000000,6.939114,0.999000,0.000000,31.266715,0.386430,0.028320,1.392636
0.993000,0.000000,12.382873,0.040083,0.259963,0.070029,0.897000,0.000000,35.388782,0.021750,0.387656,0.050889,1.000000,0.000000,0.000000,0.253188,0.421917,0.000000,0.878000,0.000000,0.000000,0.000000,0.372247,0.000000,1.000000,0.000000,37.683151,0.654275,0.072069,2.135764,1.000000,0.000000,61.025253,0.495809,0.018872,10.082339
0.999000,0.000222,46.958774,0.246827,0.000000,0.851791,0.977000,0.018133,53.018139,0.110085,0.000000,0.261484,1.000000,0.359533,0.000000,0.040775,1.012972,0.000000,0.953000,0.303356,33.097284,0.061208,0.542563,0.012117,1.000000,0.304244,3.252318,0.093123,0.468078,0.530682,1.000000,0.382867,47.195959,0.353272,1.620131,1.008464
1.000000,0.000000,25.371025,0.138764,0.000000,0.655806,0.993000,0.000133,73.978022,0.157537,0.010768,0.525306,1.000000,0.000000,126.452188,0.252794,0.038809,0.351834,0.971000,0.015289,151.442687,0.094801,0.019027,0.119624,1.000000,0.000000,66.245374,1.130656,0.000000,16.052231,1.000000,0.000000,57.672634,0.693040,0.007436,2.010721
1.000000,0.000000,60.326739,0.307454,0.000000,1.733173,0.984000,0.000044,123.079210,0.113808,0.000000,0.996114,1.000000,0.000000,136.707511,0.154674,0.042537,0.412680,0.979000,0.045222,167.512630,0.156088,0.035473,0.133995,1.000000,0.042400,32.203087,0.604426,0.000000,53.087897,0.999000,0.044511,55.550371,0.602394,0.017911,69.584065
1.000000,0.000000,50.757312,0.243898,0.000000,52.195130,0.993000,0.000000,125.383416,0.185755,0.074619,170.845651,1.000000,0.193244,112.434702,0.229254,0.457237,0.301230,0.986000,0.378489,153.760571,0.083075,0.331933,0.123619,1.000000,0.054000,16.144156,0.350779,0.000000,20.341822,1.000000,0.128133,25.920225,0.253870,0.265141,10.930174
1.000000,0.000000,60.884950,0.297654,0.000000,1.767637,0.986000,0.002800,133.122728,0.185365,0.000000,1.091537,1.000000,0.000000,141.586111,0.159909,0.033569,0.461239,0.980000,0.018444,198.383470,0.148723,0.024725,0.172555,1.000000,0.038756,32.461191,0.564732,0.000000,12.814896,1.000000,0.030000,52.932109,0.589831,0.001361,219.172979
1.000000,0.000000,31.958226,0.173749,0.000000,38.467893,0.998000,0.004133,163.353481,0.208597,0.000000,1.700668,1.000000,0.000000,125.464069,0.149021,0.031145,0.380138,0.986000,0.106467,209.801101,0.104624,0.236924,0.199389,1.000000,0.021644,45.046448,0.811969,0.000000,104.666438,1.000000,0.034289,29.585359,0.383860,0.057603,24.276061
0.999000,0.000022,32.843800,0.150235,0.000000,1.002969,0.982000,0.003667,74.465696,0.130202,0.000000,5.762559,1.000000,0.354422,0.000000,0.036068,0.733502,0.000000,0.977000,0.622000,58.734710,0.092897,0.485035,0.031957,1.000000,0.092044,58.620686,1.047967,0.000000,27.877337,1.000000,0.059933,69.967211,0.797641,0.217608,4.513854
1.000000,0.000000,40.081240,0.180175,0.000000,41.043504,0.992000,0.015956,93.934471,0.128593,0.000000,94.501986,1.000000,0.000000,114.505766,0.116462,0.031337,0.331294,0.978000,0.003422,292.063870,0.168572,0.000000,0.265207,1.000000,0.026244,42.481734,0.799736,0.000000,77.673068,1.000000,0.035222,95.650759,1.053016,0.033219,194.457898
0.997000,0.000000,33.250752,0.141916,0.000000,0.733831,0.947000,0.000000,102.611138,0.144065,0.000000,0.634766,1.000000,0.000000,134.643642,0.126588,0.032228,0.424204,0.954000,0.001156,126.221862,0.085481,0.000000,0.100065,1.000000,0.000000,133.540330,2.385106,0.000000,27.567134,0.968000,0.000000,29.977945,0.415971,0.009941,110.468011
1.000000,0.000000,38.272904,0.168044,0.000000,0.918270,0.994000,0.004333,115.587991,0.165712,0.000000,0.758705,1.000000,0.000000,134.823640,0.170160,0.045032,0.425054,0.979000,0.022556,195.708254,0.131948,0.037163,0.165982,1.000000,0.000000,42.560586,0.814108,0.000000,30.161992,1.000000,0.000000,65.704908,0.666899,0.000000,8.171839
1.000000,0.000000,16.923583,0.172572,0.000000,0.416388,0.969000,0.000733,70.833587,0.067871,0.000000,0.481686,1.000000,0.000000,0.000000,0.011609,0.421917,0.000000,0.975000,0.556089,54.278042,0.045226,0.481056,0.030632,1.000000,0.101800,61.887665,1.069407,0.000000,12.941196,1.000000,0.050000,72.454559,0.689227,0.127143,218.785818
1.000000,0.000000,60.786047,0.304396,0.000000,20.375389,0.994000,0.005067,140.012686,0.125255,0.080630,117.467039,1.000000,0.000000,138.817136,0.153420,0.038743,0.450342,0.987000,0.040400,367.634162,0.215843,0.090404,0.371850,1.000000,0.060067,8.982714,0.160337,0.000000,5.094802,1.000000,0.030889,29.891533,0.395860,0.141389,10.766455
1.000000,0.000000,42.373701,0.261782,0.000000,30.930288,0.977000,0.008111,155.445161,0.232236,0.000000,225.776654,1.000000,0.000000,132.456583,0.133243,0.047185,0.408489,0.975000,0.023444,214.603000,0.180823,0.014029,0.167354,1.000000,0.000000,18.293744,0.336494,0.000000,16.595273,0.999000,0.000000,43.154835,0.386496,0.006010,186.906501
1.000000,0.000000,54.562533,0.290488,0.000000,1.043283,0.986000,0.097956,67.383824,0.102166,0.000000,0.350546,1.000000,0.354422,0.000000,0.102374,0.547542,0.000000,0.971000,0.381200,56.202651,0.067993,0.424316,0.029860,1.000000,0.139733,26.442998,0.450236,0.011303,4.566811,1.000000,0.040556,68.015907,0.545070,0.125680,218.366669
1.000000,0.000000,40.471419,0.200801,0.000000,0.802765,0.980000,0.002778,85.667861,0.151864,0.000000,0.461508,1.000000,0.000000,125.911661,0.164414,0.040829,0.350784,0.964000,0.019178,124.589466,0.068511,0.027549,0.090513,1.000000,0.000000,43.065069,0.762358,0.000000,13.050359,1.000000,0.000000,76.974306,0.682262,0.022337,2.280411
1.000000,0.000000,45.201788,0.278664,0.000000,44.445034,0.990000,0.000933,152.029774,0.216945,0.000000,66.343698,1.000000,0.121044,149.294068,0.162968,0.117653,0.531300,0.987000,0.131711,205.267123,0.175259,0.158074,0.190407,1.000000,0.022689,30.119995,0.548075,0.000000,62.025556,1.000000,0.034400,25.064187,0.262490,0.091900,10.248657
0.995000,0.001089,1.826668,0.028216,0.000000,0.053393,0.994000,0.052511,174.380879,0.195747,0.000000,38.348985,1.000000,0.000000,137.893576,0.151167,0.035193,0.446221,0.985000,0.094867,222.344056,0.173238,0.115587,0.192338,1.000000,0.034067,42.547388,0.711764,0.000000,25.231319,1.000000,0.024978,62.849852,0.670198,0.086016,220.251040
1.000000,0.000044,20.592914,0.188701,0.000000,2.506062,0.981000,0.000733,70.527104,0.124667,0.000000,62.466523,1.000000,0.000000,0.000000,0.056480,0.421917,0.000000,0.956000,0.070089,67.981719,0.106725,0.052328,0.041885,1.000000,0.085867,75.616695,1.249327,0.000000,40.382316,1.000000,0.069822,64.402668,0.636544,0.524201,58.840120
1.000000,0.000000,68.075829,0.331294,0.000000,1.493007,0.985000,0.007756,62.916063,0.118941,0.000000,0.377672,1.000000,0.359533,0.000000,0.049875,0.460726,0.000000,0.961000,0.405822,29.168613,0.057070,0.599482,0.008787,1.000000,0.191578,4.535911,0.113895,0.137456,0.885058,1.000000,0.317711,43.713922,0.384577,1.707470,1.209479
1.000000,0.000000,44.810582,0.298763,0.000000,50.910971,0.996000,0.022933,208.590780,0.238977,0.000000,128.745200,1.000000,0.000000,137.161606,0.107971,0.039304,0.432019,0.986000,0.024400,263.792196,0.199412,0.031821,0.255673,1.000000,0.047400,13.129041,0.236986,0.000000,6.940916,1.000000,0.028311,25.825098,0.298385,0.063759,7.276789
0.998000,0.000000,28.849276,0.120383,0.000000,0.681756,0.953000,0.000000,131.241072,0.165513,0.000000,10.972964,1.000000,0.000000,133.625683,0.126384,0.021649,0.420703,0.955000,0.001067,130.452174,0.086129,0.000000,0.108428,1.000000,0.000000,122.777427,2.171236,0.000000,52.844740,0.972000,0.000000,29.592371,0.415926,0.011766,89.137856
1.000000,0.000000,45.834454,0.188215,0.000000,1.016104,0.986000,0.002289,132.935419,0.162562,0.000000,0.814987,1.000000,0.172200,110.355338,0.089984,0.169975,0.298336,0.978000,0.187267,132.210803,0.129863,0.161728,0.103068,1.000000,0.157911,19.348232,0.293127,0.144717,3.160552,1.000000,0.058067,27.482185,0.360117,0.204460,69.250649
1.000000,0.000000,43.118927,0.293363,0.000000,59.122945,0.994000,0.016889,166.872383,0.204603,0.000000,184.595715,1.000000,0.000000,141.686904,0.108710,0.056387,0.456946,0.986000,0.032333,276.184853,0.202521,0.055998,0.275649,1.000000,0.044533,9.507955,0.208711,0.000000,9.901788,1.000000,0.024622,63.538317,0.761570,0.000000,80.064014
1.000000,0.000000,60.433998,0.327304,0.000000,1.502549,0.992000,0.037400,133.303775,0.183496,0.000000,11.760691,1.000000,0.000000,144.097323,0.128553,0.045202,0.491049,0.974000,0.007089,248.919678,0.170578,0.000000,0.222476,1.000000,0.000000,13.864656,0.323691,0.000000,16.323954,1.000000,0.000000,31.176898,0.356336,0.015051,76.904348
0.999000,0.000000,45.848893,0.237385,0.000000,0.850234,0.971000,0.049311,89.873138,0.147271,0.000000,0.454954,1.000000,0.000000,147.848908,0.115394,0.039526,0.525171,0.971000,0.003200,174.356681,0.092089,0.000000,0.145828,1.000000,0.176333,34.507492,0.635275,0.000000,6.085656,0.980000,0.024756,57.979563,0.412233,0.000000,19.220082
0.999000,0.000000,52.846789,0.251478,0.000000,64.160259,0.989000,0.001067,96.108350,0.106278,0.000000,0.846535,1.000000,0.000000,157.669047,0.122895,0.059957,0.597066,0.986000,0.031933,302.852451,0.215980,0.056521,0.345736,1.000000,0.037822,47.946567,0.879063,0.000000,81.731227,0.999000,0.030178,77.010507,0.790590,0.023773,64.979148
1.000000,0.000000,43.807235,0.218361,0.000000,1.270912,0.992000,0.039578,139.664157,0.172655,0.000000,1.121133,1.000000,0.000000,142.847651,0.118580,0.053913,0.478514,0.971000,0.056156,122.959893,0.113379,0.049051,0.091789,1.000000,0.000000,29.890449,0.506420,0.000000,21.226468,1.000000,0.000000,30.403654,0.332985,0.001368,3.404756
0.996000,0.000000,41.502401,0.147174,0.457506,0.500632,0.950000,0.057511,57.400850,0.041113,0.300150,0.165949,1.000000,0.000000,0.000000,0.117665,0.421917,0.000000,0.886000,0.000000,0.000000,0.000000,0.347741,0.000000,1.000000,0.000000,25.608844,0.482772,0.075580,2.327928,1.000000,0.000000,69.356892,0.551169,0.034732,10.335111
1.000000,0.000000,54.524624,0.277225,0.000000,1.533598,0.985000,0.003444,180.686982,0.212318,0.000000,107.954151,1.000000,0.000000,117.349850,0.118976,0.018699,0.328159,0.981000,0.004022,460.487194,0.210570,0.000000,0.419793,1.000000,0.000000,40.628141,0.703465,0.000000,9.151910,1.000000,0.000000,37.072527,0.433231,0.000000,114.611534
1.000000,0.000000,46.407397,0.214531,0.000000,1.375867,0.990000,0.004600,155.380827,0.205234,0.000000,1.273378,1.000000,0.000000,127.040303,0.136829,0.038857,0.383787,0.970000,0.005711,210.228315,0.156417,0.000000,0.183533,1.000000,0.040356,17.587826,0.302927,0.075242,19.640671,1.000000,0.036133,33.558580,0.378425,0.054076,3.452892
1.000000,0.000000,50.695515,0.300979,0.000000,1.392079,0.988000,0.000156,117.778481,0.144540,0.000000,66.916612,1.000000,0.000000,127.539088,0.119078,0.051880,0.400770,0.986000,0.099733,215.677207,0.149420,0.153343,0.207977,1.000000,0.068511,28.548737,0.431532,0.000000,7.671998,0.999000,0.037333,49.916793,0.549828,0.398381,113.580478
1.000000,0.000000,60.107261,0.306406,0.000000,53.188948,0.991000,0.008156,163.708767,0.150440,0.112418,168.032359,1.000000,0.000000,124.540344,0.141496,0.041701,0.386046,0.986000,0.089600,224.251739,0.176001,0.128171,0.218809,1.000000,0.057956,16.624998,0.331586,0.000000,21.536414,1.000000,0.054844,25.018215,0.272096,0.560268,8.877768
1.000000,0.000000,47.660909,0.263016,0.000000,52.231894,0.995000,0.025622,127.893316,0.171970,0.000000,24.526572,1.000000,0.000000,155.540308,0.075125,0.087090,0.565786,0.986000,0.121111,198.460485,0.170011,0.150528,0.185152,1.000000,0.036000,26.495551,0.484320,0.000000,72.850710,1.000000,0.028444,57.719667,0.670248,0.000000,88.436680
1.000000,0.000000,66.583935,0.341134,0.000000,432.528708,0.983000,0.000022,70.166559,0.131072,0.000000,582.567504,1.000000,0.000000,0.000000,0.021546,0.421917,0.000000,0.946000,0.001333,72.789767,0.072749,0.000000,0.048357,1.000000,0.000000,26.152753,0.411703,0.001228,136.294084,0.996000,0.000000,66.562460,0.787501,0.025987,413.688796
1.000000,0.000000,46.259909,0.251161,0.000000,74.519214,0.991000,0.003000,129.990234,0.172817,0.000000,147.972755,1.000000,0.133022,136.212177,0.142085,0.248633,0.438537,0.986000,0.258044,145.162533,0.146252,0.253666,0.126667,1.000000,0.025289,30.133981,0.547370,0.074586,163.588227,1.000000,0.035333,43.541774,0.511546,0.124852,175.595106
1.000000,0.000000,53.777481,0.243181,0.000000,1.523820,0.997000,0.003622,137.226322,0.155969,0.086326,66.462508,1.000000,0.128422,151.660251,0.093309,0.183302,0.540653,0.987000,0.134622,207.536824,0.156670,0.167147,0.197544,1.000000,0.067000,17.302221,0.277804,0.007655,4.886943,0.999000,0.026911,29.521504,0.377299,0.066393,22.868432
1.000000,0.000000,55.004516,0.324440,0.000000,1.326856,0.990000,0.015422,137.656244,0.130322,0.003250,0.916462,1.000000,0.000000,120.482664,0.147515,0.034149,0.360538,0.980000,0.023156,194.010178,0.147635,0.032339,0.172589,1.000000,0.066489,30.705175,0.627523,0.000000,26.923817,1.000000,0.025778,55.183761,0.559642,0.039061,17.087861
1.000000,0.000000,58.881463,0.353436,0.000000,60.045200,0.990000,0.000356,115.521900,0.168900,0.000000,88.811555,1.000000,0.000000,132.854081,0.163674,0.030734,0.409987,0.965000,0.008556,141.464669,0.101867,0.000000,0.107597,1.000000,0.057933,35.338894,0.564352,0.000000,18.901652,0.997000,0.026711,47.714097,0.546658,0.001949,51.312830
0.997000,0.000733,44.366712,0.198412,0.000000,0.575775,0.909000,0.019533,69.068827,0.152254,0.000000,0.240464,1.000000,0.354422,0.000000,0.039916,0.547542,0.000000,0.892000,0.033578,23.135447,0.013618,0.331969,0.007789,1.000000,0.293711,23.281451,0.386983,0.535174,3.088189,1.000000,0.032800,66.431695,0.397333,0.594315,218.007613
1.000000,0.000000,10.922081,0.078832,0.000000,0.308749,0.996000,0.002822,178.395711,0.220346,0.000000,1.394599,1.000000,0.000000,143.198394,0.151351,0.045501,0.464402,0.987000,0.048644,287.528325,0.191805,0.095763,0.253558,1.000000,0.000000,39.556831,0.676811,0.052649,21.507063,0.993000,0.000000,50.325408,0.592713,0.011094,4.508379
1.000000,0.000000,45.711244,0.283872,0.000000,83.293123,0.996000,0.002244,133.584611,0.183708,0.000000,446.105523,1.000000,0.000000,129.336841,0.065109,0.083172,0.399409,0.978000,0.048733,152.821879,0.128303,0.082246,0.134858,1.000000,0.026467,10.529128,0.155106,0.054822,21.656795,1.000000,0.026422,46.304591,0.615422,0.008030,245.938413
0.997000,0.000000,31.363471,0.214674,0.000000,0.317067,0.938000,0.039756,51.931937,0.116502,0.000000,0.140184,1.000000,0.000000,107.895303,0.167787,0.011725,0.277885,0.955000,0.003089,127.026421,0.091873,0.000000,0.087736,1.000000,0.000000,43.604907,0.794124,0.000000,6.691488,1.000000,0.000000,79.309579,0.446699,0.000000,7.220156
0.993000,0.001400,11.228167,0.053561,0.000000,0.078175,0.969000,0.798133,55.085587,0.101732,0.522951,0.110530,1.000000,0.359533,0.000000,0.138740,0.547542,0.000000,0.970000,0.466867,58.913185,0.093387,0.476167,0.024424,1.000000,0.511733,2.218838,0.134459,0.277391,0.143663,1.000000,0.611600,22.324394,0.083026,5.243742,0.142537
1.000000,0.000000,62.293257,0.337179,0.000000,256.324991,0.991000,0.000489,122.506522,0.198944,0.000000,611.781978,1.000000,0.139267,137.674091,0.104608,0.171742,0.442720,0.987000,0.257067,144.841065,0.150059,0.260007,0.124527,1.000000,0.025133,32.201833,0.572333,0.000000,133.933017,1.000000,0.032844,38.525302,0.463492,0.100650,64.904052
1.000000,0.000000,40.864844,0.291733,0.000000,1.223958,0.987000,0.001378,115.032197,0.105623,0.036047,0.950565,1.000000,0.151222,124.128456,0.146438,0.149407,0.378989,0.986000,0.265600,135.471890,0.135787,0.261232,0.117970,1.000000,0.029667,31.418129,0.548691,0.000000,36.232394,1.000000,0.040822,47.271331,0.592511,0.000000,4.120680
1.000000,0.000000,74.040248,0.368865,0.000000,2.201255,0.985000,0.001400,138.431771,0.170436,0.000000,58.338268,1.000000,0.194089,116.439024,0.106886,0.250121,0.314549,0.986000,0.305489,138.162474,0.117404,0.328300,0.105088,1.000000,0.062489,8.928028,0.134574,0.000000,1.707127,1.000000,0.109933,38.430638,0.276597,0.288859,1.097998
1.000000,0.000000,61.904863,0.350067,0.000000,1.658654,0.986000,0.000600,121.407423,0.204291,0.000000,66.954848,1.000000,0.000000,131.703246,0.125462,0.046880,0.396692,0.986000,0.029911,295.414722,0.156762,0.087130,0.275044,1.000000,0.089533,18.606385,0.330607,0.000000,6.620647,1.000000,0.041933,28.580980,0.384206,0.087031,11.237691
1.000000,0.000000,47.732434,0.313155,0.000000,1.348193,0.983000,0.002178,161.847135,0.203609,0.000000,1.277356,1.000000,0.137133,117.797686,0.145275,0.157701,0.348265,0.987000,0.155778,217.266610,0.144077,0.235214,0.207366,1.000000,0.055178,15.101284,0.342289,0.000000,16.560765,0.999000,0.033489,21.329985,0.247632,0.331389,2.462985
